2A90800B-C302-478D-BD64-06D42B97A306#appfire#MaterialService#appfire#testprj.app.server.service.MaterialService#appfire#{"resourceMapping":"/Material","defaultMethodType":"","defaultContentType":""}#appfire#{"repository":{"fileName":"MaterialService.java","filePath":"testprj/src/main/java/testprj/app/server/service/MaterialService.java"},"implementInterface":[],"extendsClass":[],"repositories":[{"repository":{"fileName":"MaterialRepositoryImpl.java","filePath":"testprj/src/main/java/testprj/app/server/repository/MaterialRepositoryImpl.java"},"implementInterface":[{"fileName":"MaterialRepository.java","filePath":"testprj/src/main/java/testprj/app/server/repository/MaterialRepository.java"}],"extendsClass":[{"fileName":"SearchInterfaceImpl.java","filePath":"testprj/src/main/java/testprj/app/server/repository/SearchInterfaceImpl.java","isDisplay":false}],"entities":{"fileName":"Material.java","filePath":"testprj/src/main/java/testprj/app/shared/sales/Material.java"}}]}#appfire#I#appfire#TYVA5RAP6L17FL5MZYIAYG#appfire#ba9dced8-453e-49a3-b627-d497a1f91b17#appfire#1#appfire#null#appfire#2016-01-18 07:01:05.0#appfire#null#appfire#2016-01-18 07:01:05.0#appfire#1#appfire#1#appfire#A20F86E1-0427-43B6-8135-87AD165A712F
2B7750FA-2D3E-45E7-A608-54E1B71F1EAD#appfire#CurrencyService#appfire#testprj.app.server.service.CurrencyService#appfire#{"resourceMapping":"/Currency","defaultMethodType":"","defaultContentType":""}#appfire#{"repository":{"fileName":"CurrencyService.java","filePath":"testprj/src/main/java/testprj/app/server/service/CurrencyService.java"},"implementInterface":[],"extendsClass":[],"repositories":[{"repository":{"fileName":"CurrencyRepositoryImpl.java","filePath":"testprj/src/main/java/testprj/app/server/repository/CurrencyRepositoryImpl.java"},"implementInterface":[{"fileName":"CurrencyRepository.java","filePath":"testprj/src/main/java/testprj/app/server/repository/CurrencyRepository.java"}],"extendsClass":[{"fileName":"SearchInterfaceImpl.java","filePath":"testprj/src/main/java/testprj/app/server/repository/SearchInterfaceImpl.java","isDisplay":false}],"entities":{"fileName":"Currency.java","filePath":"testprj/src/main/java/testprj/app/shared/location/Currency.java"}}]}#appfire#I#appfire#TYVA5RAP6L17FL5MZYIAYG#appfire#ba9dced8-453e-49a3-b627-d497a1f91b17#appfire#1#appfire#null#appfire#2016-01-18 07:00:44.0#appfire#null#appfire#2016-01-18 07:00:44.0#appfire#1#appfire#1#appfire#2DC85F33-E2A4-458E-9965-506883E55A4F
301A8D69-EE7A-4CC4-9E30-A027492EB95B#appfire#CommunicationTypeService#appfire#testprj.app.server.service.CommunicationTypeService#appfire#{"resourceMapping":"/CommunicationType","defaultMethodType":"","defaultContentType":""}#appfire#{"repository":{"fileName":"CommunicationTypeService.java","filePath":"testprj/src/main/java/testprj/app/server/service/CommunicationTypeService.java"},"implementInterface":[],"extendsClass":[],"repositories":[{"repository":{"fileName":"CommunicationTypeRepositoryImpl.java","filePath":"testprj/src/main/java/testprj/app/server/repository/CommunicationTypeRepositoryImpl.java"},"implementInterface":[{"fileName":"CommunicationTypeRepository.java","filePath":"testprj/src/main/java/testprj/app/server/repository/CommunicationTypeRepository.java"}],"extendsClass":[{"fileName":"SearchInterfaceImpl.java","filePath":"testprj/src/main/java/testprj/app/server/repository/SearchInterfaceImpl.java","isDisplay":false}],"entities":{"fileName":"CommunicationType.java","filePath":"testprj/src/main/java/testprj/app/shared/contacts/CommunicationType.java"}}]}#appfire#I#appfire#TYVA5RAP6L17FL5MZYIAYG#appfire#ba9dced8-453e-49a3-b627-d497a1f91b17#appfire#1#appfire#null#appfire#2016-01-18 07:00:50.0#appfire#null#appfire#2016-01-18 07:00:50.0#appfire#1#appfire#1#appfire#8315E03A-3470-4064-ABD2-C135B7C56DCF
308ADB2C-701C-4208-884D-E9DDA021D6B3#appfire#GenderService#appfire#testprj.app.server.service.GenderService#appfire#{"resourceMapping":"/Gender","defaultMethodType":"","defaultContentType":""}#appfire#{"repository":{"fileName":"GenderService.java","filePath":"testprj/src/main/java/testprj/app/server/service/GenderService.java"},"implementInterface":[],"extendsClass":[],"repositories":[{"repository":{"fileName":"GenderRepositoryImpl.java","filePath":"testprj/src/main/java/testprj/app/server/repository/GenderRepositoryImpl.java"},"implementInterface":[{"fileName":"GenderRepository.java","filePath":"testprj/src/main/java/testprj/app/server/repository/GenderRepository.java"}],"extendsClass":[{"fileName":"SearchInterfaceImpl.java","filePath":"testprj/src/main/java/testprj/app/server/repository/SearchInterfaceImpl.java","isDisplay":false}],"entities":{"fileName":"Gender.java","filePath":"testprj/src/main/java/testprj/app/shared/contacts/Gender.java"}}]}#appfire#I#appfire#TYVA5RAP6L17FL5MZYIAYG#appfire#ba9dced8-453e-49a3-b627-d497a1f91b17#appfire#1#appfire#null#appfire#2016-01-18 07:00:50.0#appfire#null#appfire#2016-01-18 07:00:50.0#appfire#1#appfire#1#appfire#BF91EEE7-DE0B-48F3-A662-4E96BF658CE8
32A62329-DBFB-4B49-9200-2D7BF98C270A#appfire#PasswordPolicyService#appfire#testprj.app.server.service.PasswordPolicyService#appfire#{"resourceMapping":"/PasswordPolicy","defaultMethodType":"","defaultContentType":""}#appfire#{"repository":{"fileName":"PasswordPolicyService.java","filePath":"testprj/src/main/java/testprj/app/server/service/PasswordPolicyService.java"},"implementInterface":[],"extendsClass":[],"repositories":[{"repository":{"fileName":"PasswordPolicyRepositoryImpl.java","filePath":"testprj/src/main/java/testprj/app/server/repository/PasswordPolicyRepositoryImpl.java"},"implementInterface":[{"fileName":"PasswordPolicyRepository.java","filePath":"testprj/src/main/java/testprj/app/server/repository/PasswordPolicyRepository.java"}],"extendsClass":[{"fileName":"SearchInterfaceImpl.java","filePath":"testprj/src/main/java/testprj/app/server/repository/SearchInterfaceImpl.java","isDisplay":false}],"entities":{"fileName":"PasswordPolicy.java","filePath":"testprj/src/main/java/testprj/app/shared/authentication/PasswordPolicy.java"}}]}#appfire#I#appfire#TYVA5RAP6L17FL5MZYIAYG#appfire#ba9dced8-453e-49a3-b627-d497a1f91b17#appfire#1#appfire#null#appfire#2016-01-18 07:00:54.0#appfire#null#appfire#2016-01-18 07:00:54.0#appfire#1#appfire#1#appfire#8B4101E0-9C37-4495-AF3A-4EE73234ECA4
3CB94180-B1AC-4E5C-A371-D9BA43366110#appfire#CategoryService#appfire#testprj.app.server.service.CategoryService#appfire#{"resourceMapping":"/Category","defaultMethodType":"","defaultContentType":""}#appfire#{"repository":{"fileName":"CategoryService.java","filePath":"testprj/src/main/java/testprj/app/server/service/CategoryService.java"},"implementInterface":[],"extendsClass":[],"repositories":[{"repository":{"fileName":"CategoryRepositoryImpl.java","filePath":"testprj/src/main/java/testprj/app/server/repository/CategoryRepositoryImpl.java"},"implementInterface":[{"fileName":"CategoryRepository.java","filePath":"testprj/src/main/java/testprj/app/server/repository/CategoryRepository.java"}],"extendsClass":[{"fileName":"SearchInterfaceImpl.java","filePath":"testprj/src/main/java/testprj/app/server/repository/SearchInterfaceImpl.java","isDisplay":false}],"entities":{"fileName":"Category.java","filePath":"testprj/src/main/java/testprj/app/shared/sales/Category.java"}}]}#appfire#I#appfire#TYVA5RAP6L17FL5MZYIAYG#appfire#ba9dced8-453e-49a3-b627-d497a1f91b17#appfire#1#appfire#null#appfire#2016-01-18 07:01:04.0#appfire#null#appfire#2016-01-18 07:01:04.0#appfire#1#appfire#1#appfire#F4C24B0D-79F1-4FC9-9356-9EA683AE5030
3D593B61-EEC0-40E9-9AA3-CB01ECCBB969#appfire#AppMenusService#appfire#testprj.app.server.service.AppMenusService#appfire#{"resourceMapping":"/AppMenus","defaultMethodType":"","defaultContentType":""}#appfire#{"repository":{"fileName":"AppMenusService.java","filePath":"testprj/src/main/java/testprj/app/server/service/AppMenusService.java"},"implementInterface":[],"extendsClass":[],"repositories":[{"repository":{"fileName":"AppMenusRepositoryImpl.java","filePath":"testprj/src/main/java/testprj/app/server/repository/AppMenusRepositoryImpl.java"},"implementInterface":[{"fileName":"AppMenusRepository.java","filePath":"testprj/src/main/java/testprj/app/server/repository/AppMenusRepository.java"}],"extendsClass":[{"fileName":"SearchInterfaceImpl.java","filePath":"testprj/src/main/java/testprj/app/server/repository/SearchInterfaceImpl.java","isDisplay":false}],"entities":{"fileName":"AppMenus.java","filePath":"testprj/src/main/java/testprj/app/shared/authorization/AppMenus.java"}}]}#appfire#I#appfire#TYVA5RAP6L17FL5MZYIAYG#appfire#ba9dced8-453e-49a3-b627-d497a1f91b17#appfire#1#appfire#null#appfire#2016-01-18 07:01:00.0#appfire#null#appfire#2016-01-18 07:01:00.0#appfire#1#appfire#1#appfire#8FC2698F-7274-478E-B857-3BAF89B0E053
455794FC-CD97-44A0-8F6F-846632BCFED1#appfire#DistributorService#appfire#testprj.app.server.service.DistributorService#appfire#{"resourceMapping":"/Distributor","defaultMethodType":"","defaultContentType":""}#appfire#{"repository":{"fileName":"DistributorService.java","filePath":"testprj/src/main/java/testprj/app/server/service/DistributorService.java"},"implementInterface":[],"extendsClass":[],"repositories":[{"repository":{"fileName":"DistributorRepositoryImpl.java","filePath":"testprj/src/main/java/testprj/app/server/repository/DistributorRepositoryImpl.java"},"implementInterface":[{"fileName":"DistributorRepository.java","filePath":"testprj/src/main/java/testprj/app/server/repository/DistributorRepository.java"}],"extendsClass":[{"fileName":"SearchInterfaceImpl.java","filePath":"testprj/src/main/java/testprj/app/server/repository/SearchInterfaceImpl.java","isDisplay":false}],"entities":{"fileName":"Distributor.java","filePath":"testprj/src/main/java/testprj/app/shared/sales/Distributor.java"}}]}#appfire#I#appfire#TYVA5RAP6L17FL5MZYIAYG#appfire#ba9dced8-453e-49a3-b627-d497a1f91b17#appfire#1#appfire#null#appfire#2016-01-18 07:01:06.0#appfire#null#appfire#2016-01-18 07:01:06.0#appfire#1#appfire#1#appfire#D04389D7-395C-4F7C-8338-9977B170A663
574504CB-69BE-4562-9F8D-877A6FFF20CE#appfire#LanguageService#appfire#testprj.app.server.service.LanguageService#appfire#{"resourceMapping":"/Language","defaultMethodType":"","defaultContentType":""}#appfire#{"repository":{"fileName":"LanguageService.java","filePath":"testprj/src/main/java/testprj/app/server/service/LanguageService.java"},"implementInterface":[],"extendsClass":[],"repositories":[{"repository":{"fileName":"LanguageRepositoryImpl.java","filePath":"testprj/src/main/java/testprj/app/server/repository/LanguageRepositoryImpl.java"},"implementInterface":[{"fileName":"LanguageRepository.java","filePath":"testprj/src/main/java/testprj/app/server/repository/LanguageRepository.java"}],"extendsClass":[{"fileName":"SearchInterfaceImpl.java","filePath":"testprj/src/main/java/testprj/app/server/repository/SearchInterfaceImpl.java","isDisplay":false}],"entities":{"fileName":"Language.java","filePath":"testprj/src/main/java/testprj/app/shared/location/Language.java"}}]}#appfire#I#appfire#TYVA5RAP6L17FL5MZYIAYG#appfire#ba9dced8-453e-49a3-b627-d497a1f91b17#appfire#1#appfire#null#appfire#2016-01-18 07:00:43.0#appfire#null#appfire#2016-01-18 07:00:43.0#appfire#1#appfire#1#appfire#232DEF36-8A09-49AA-B5C7-F192E6BD67AF
59C8CE5D-C8E2-4570-A814-56B5B5E4C055#appfire#VillageService#appfire#testprj.app.server.service.VillageService#appfire#{"resourceMapping":"/Village","defaultMethodType":"","defaultContentType":""}#appfire#{"repository":{"fileName":"VillageService.java","filePath":"testprj/src/main/java/testprj/app/server/service/VillageService.java"},"implementInterface":[],"extendsClass":[],"repositories":[{"repository":{"fileName":"VillageRepositoryImpl.java","filePath":"testprj/src/main/java/testprj/app/server/repository/VillageRepositoryImpl.java"},"implementInterface":[{"fileName":"VillageRepository.java","filePath":"testprj/src/main/java/testprj/app/server/repository/VillageRepository.java"}],"extendsClass":[{"fileName":"SearchInterfaceImpl.java","filePath":"testprj/src/main/java/testprj/app/server/repository/SearchInterfaceImpl.java","isDisplay":false}],"entities":{"fileName":"Village.java","filePath":"testprj/src/main/java/testprj/app/shared/location/Village.java"}}]}#appfire#I#appfire#TYVA5RAP6L17FL5MZYIAYG#appfire#ba9dced8-453e-49a3-b627-d497a1f91b17#appfire#1#appfire#null#appfire#2016-01-18 07:00:47.0#appfire#null#appfire#2016-01-18 07:00:47.0#appfire#1#appfire#1#appfire#6774B2C9-FCFF-42E6-9169-F44D448047EE
623B94FD-A0AD-4DFA-AF98-0C67BCC30A70#appfire#PasswordAlgoService#appfire#testprj.app.server.service.PasswordAlgoService#appfire#{"resourceMapping":"/PasswordAlgo","defaultMethodType":"","defaultContentType":""}#appfire#{"repository":{"fileName":"PasswordAlgoService.java","filePath":"testprj/src/main/java/testprj/app/server/service/PasswordAlgoService.java"},"implementInterface":[],"extendsClass":[],"repositories":[{"repository":{"fileName":"PasswordAlgoRepositoryImpl.java","filePath":"testprj/src/main/java/testprj/app/server/repository/PasswordAlgoRepositoryImpl.java"},"implementInterface":[{"fileName":"PasswordAlgoRepository.java","filePath":"testprj/src/main/java/testprj/app/server/repository/PasswordAlgoRepository.java"}],"extendsClass":[{"fileName":"SearchInterfaceImpl.java","filePath":"testprj/src/main/java/testprj/app/server/repository/SearchInterfaceImpl.java","isDisplay":false}],"entities":{"fileName":"PasswordAlgo.java","filePath":"testprj/src/main/java/testprj/app/shared/authentication/PasswordAlgo.java"}}]}#appfire#I#appfire#TYVA5RAP6L17FL5MZYIAYG#appfire#ba9dced8-453e-49a3-b627-d497a1f91b17#appfire#1#appfire#null#appfire#2016-01-18 07:00:54.0#appfire#null#appfire#2016-01-18 07:00:54.0#appfire#1#appfire#1#appfire#87058567-0C4C-4EFB-A399-7252CF608FA4
6582D8A4-93F1-4063-BA8B-2EAD19E95536#appfire#BrandService#appfire#testprj.app.server.service.BrandService#appfire#{"resourceMapping":"/Brand","defaultMethodType":"","defaultContentType":""}#appfire#{"repository":{"fileName":"BrandService.java","filePath":"testprj/src/main/java/testprj/app/server/service/BrandService.java"},"implementInterface":[],"extendsClass":[],"repositories":[{"repository":{"fileName":"BrandRepositoryImpl.java","filePath":"testprj/src/main/java/testprj/app/server/repository/BrandRepositoryImpl.java"},"implementInterface":[{"fileName":"BrandRepository.java","filePath":"testprj/src/main/java/testprj/app/server/repository/BrandRepository.java"}],"extendsClass":[{"fileName":"SearchInterfaceImpl.java","filePath":"testprj/src/main/java/testprj/app/server/repository/SearchInterfaceImpl.java","isDisplay":false}],"entities":{"fileName":"Brand.java","filePath":"testprj/src/main/java/testprj/app/shared/sales/Brand.java"}}]}#appfire#I#appfire#TYVA5RAP6L17FL5MZYIAYG#appfire#ba9dced8-453e-49a3-b627-d497a1f91b17#appfire#1#appfire#null#appfire#2016-01-18 07:01:04.0#appfire#null#appfire#2016-01-18 07:01:04.0#appfire#1#appfire#1#appfire#B848D777-770E-4477-895F-A1B4E7217A23
69404743-6050-4AB6-8069-56B320D8AAC5#appfire#CountryService#appfire#testprj.app.server.service.CountryService#appfire#{"resourceMapping":"/Country","defaultMethodType":"","defaultContentType":""}#appfire#{"repository":{"fileName":"CountryService.java","filePath":"testprj/src/main/java/testprj/app/server/service/CountryService.java"},"implementInterface":[],"extendsClass":[],"repositories":[{"repository":{"fileName":"CountryRepositoryImpl.java","filePath":"testprj/src/main/java/testprj/app/server/repository/CountryRepositoryImpl.java"},"implementInterface":[{"fileName":"CountryRepository.java","filePath":"testprj/src/main/java/testprj/app/server/repository/CountryRepository.java"}],"extendsClass":[{"fileName":"SearchInterfaceImpl.java","filePath":"testprj/src/main/java/testprj/app/server/repository/SearchInterfaceImpl.java","isDisplay":false}],"entities":{"fileName":"Country.java","filePath":"testprj/src/main/java/testprj/app/shared/location/Country.java"}}]}#appfire#I#appfire#TYVA5RAP6L17FL5MZYIAYG#appfire#ba9dced8-453e-49a3-b627-d497a1f91b17#appfire#1#appfire#null#appfire#2016-01-18 07:00:43.0#appfire#null#appfire#2016-01-18 07:00:43.0#appfire#1#appfire#1#appfire#37E48088-E350-427D-84E0-923C20804E53
6C338C8B-288E-46BE-8F2E-92C5575FBB2E#appfire#ContactTypeService#appfire#testprj.app.server.service.ContactTypeService#appfire#{"resourceMapping":"/ContactType","defaultMethodType":"","defaultContentType":""}#appfire#{"repository":{"fileName":"ContactTypeService.java","filePath":"testprj/src/main/java/testprj/app/server/service/ContactTypeService.java"},"implementInterface":[],"extendsClass":[],"repositories":[{"repository":{"fileName":"ContactTypeRepositoryImpl.java","filePath":"testprj/src/main/java/testprj/app/server/repository/ContactTypeRepositoryImpl.java"},"implementInterface":[{"fileName":"ContactTypeRepository.java","filePath":"testprj/src/main/java/testprj/app/server/repository/ContactTypeRepository.java"}],"extendsClass":[{"fileName":"SearchInterfaceImpl.java","filePath":"testprj/src/main/java/testprj/app/server/repository/SearchInterfaceImpl.java","isDisplay":false}],"entities":{"fileName":"ContactType.java","filePath":"testprj/src/main/java/testprj/app/shared/contacts/ContactType.java"}}]}#appfire#I#appfire#TYVA5RAP6L17FL5MZYIAYG#appfire#ba9dced8-453e-49a3-b627-d497a1f91b17#appfire#1#appfire#null#appfire#2016-01-18 07:00:49.0#appfire#null#appfire#2016-01-18 07:00:49.0#appfire#1#appfire#1#appfire#D6AFC7EF-007B-48A3-BEA0-86BB9B186E96
7050E378-6CA9-4313-AE81-B37D0A444D13#appfire#AppCustomerTypeService#appfire#testprj.app.server.service.AppCustomerTypeService#appfire#{"resourceMapping":"/AppCustomerType","defaultMethodType":"","defaultContentType":""}#appfire#{"repository":{"fileName":"AppCustomerTypeService.java","filePath":"testprj/src/main/java/testprj/app/server/service/AppCustomerTypeService.java"},"implementInterface":[],"extendsClass":[],"repositories":[{"repository":{"fileName":"AppCustomerTypeRepositoryImpl.java","filePath":"testprj/src/main/java/testprj/app/server/repository/AppCustomerTypeRepositoryImpl.java"},"implementInterface":[{"fileName":"AppCustomerTypeRepository.java","filePath":"testprj/src/main/java/testprj/app/server/repository/AppCustomerTypeRepository.java"}],"extendsClass":[{"fileName":"SearchInterfaceImpl.java","filePath":"testprj/src/main/java/testprj/app/server/repository/SearchInterfaceImpl.java","isDisplay":false}],"entities":{"fileName":"AppCustomerType.java","filePath":"testprj/src/main/java/testprj/app/shared/customers/AppCustomerType.java"}}]}#appfire#I#appfire#TYVA5RAP6L17FL5MZYIAYG#appfire#ba9dced8-453e-49a3-b627-d497a1f91b17#appfire#1#appfire#null#appfire#2016-01-18 07:01:01.0#appfire#null#appfire#2016-01-18 07:01:01.0#appfire#1#appfire#1#appfire#2C597995-9E2B-44FD-9AAE-70DE3BD2671A
752EB4ED-AA5A-4F5B-A993-2D42F64837F6#appfire#CurrentMonthService#appfire#testprj.app.server.service.CurrentMonthService#appfire#{"resourceMapping":"/CurrentMonth","defaultMethodType":"","defaultContentType":""}#appfire#{"repository":{"fileName":"CurrentMonthService.java","filePath":"testprj/src/main/java/testprj/app/server/service/CurrentMonthService.java"},"implementInterface":[],"extendsClass":[],"repositories":[{"repository":{"fileName":"CurrentMonthRepositoryImpl.java","filePath":"testprj/src/main/java/testprj/app/server/repository/CurrentMonthRepositoryImpl.java"},"implementInterface":[{"fileName":"CurrentMonthRepository.java","filePath":"testprj/src/main/java/testprj/app/server/repository/CurrentMonthRepository.java"}],"extendsClass":[{"fileName":"SearchInterfaceImpl.java","filePath":"testprj/src/main/java/testprj/app/server/repository/SearchInterfaceImpl.java","isDisplay":false}],"entities":{"fileName":"CurrentMonth.java","filePath":"testprj/src/main/java/testprj/app/shared/sales/CurrentMonth.java"}}]}#appfire#I#appfire#TYVA5RAP6L17FL5MZYIAYG#appfire#ba9dced8-453e-49a3-b627-d497a1f91b17#appfire#1#appfire#null#appfire#2016-01-18 07:01:08.0#appfire#null#appfire#2016-01-18 07:01:08.0#appfire#1#appfire#1#appfire#9457913E-0F73-4357-AC51-800A51B5CFF3
8107A185-82BF-4D1E-8468-DE15D2CC2B3B#appfire#UserAccessLevelService#appfire#testprj.app.server.service.UserAccessLevelService#appfire#{"resourceMapping":"/UserAccessLevel","defaultMethodType":"","defaultContentType":""}#appfire#{"repository":{"fileName":"UserAccessLevelService.java","filePath":"testprj/src/main/java/testprj/app/server/service/UserAccessLevelService.java"},"implementInterface":[],"extendsClass":[],"repositories":[{"repository":{"fileName":"UserAccessLevelRepositoryImpl.java","filePath":"testprj/src/main/java/testprj/app/server/repository/UserAccessLevelRepositoryImpl.java"},"implementInterface":[{"fileName":"UserAccessLevelRepository.java","filePath":"testprj/src/main/java/testprj/app/server/repository/UserAccessLevelRepository.java"}],"extendsClass":[{"fileName":"SearchInterfaceImpl.java","filePath":"testprj/src/main/java/testprj/app/server/repository/SearchInterfaceImpl.java","isDisplay":false}],"entities":{"fileName":"UserAccessLevel.java","filePath":"testprj/src/main/java/testprj/app/shared/authentication/UserAccessLevel.java"}}]}#appfire#I#appfire#TYVA5RAP6L17FL5MZYIAYG#appfire#ba9dced8-453e-49a3-b627-d497a1f91b17#appfire#1#appfire#null#appfire#2016-01-18 07:00:55.0#appfire#null#appfire#2016-01-18 07:00:55.0#appfire#1#appfire#1#appfire#8024780D-6745-4AE6-B061-315256B3E77B
8E6F9F71-CA38-4AEE-9F7F-0C33BD6BC534#appfire#UserAccessDomainService#appfire#testprj.app.server.service.UserAccessDomainService#appfire#{"resourceMapping":"/UserAccessDomain","defaultMethodType":"","defaultContentType":""}#appfire#{"repository":{"fileName":"UserAccessDomainService.java","filePath":"testprj/src/main/java/testprj/app/server/service/UserAccessDomainService.java"},"implementInterface":[],"extendsClass":[],"repositories":[{"repository":{"fileName":"UserAccessDomainRepositoryImpl.java","filePath":"testprj/src/main/java/testprj/app/server/repository/UserAccessDomainRepositoryImpl.java"},"implementInterface":[{"fileName":"UserAccessDomainRepository.java","filePath":"testprj/src/main/java/testprj/app/server/repository/UserAccessDomainRepository.java"}],"extendsClass":[{"fileName":"SearchInterfaceImpl.java","filePath":"testprj/src/main/java/testprj/app/server/repository/SearchInterfaceImpl.java","isDisplay":false}],"entities":{"fileName":"UserAccessDomain.java","filePath":"testprj/src/main/java/testprj/app/shared/authentication/UserAccessDomain.java"}}]}#appfire#I#appfire#TYVA5RAP6L17FL5MZYIAYG#appfire#ba9dced8-453e-49a3-b627-d497a1f91b17#appfire#1#appfire#null#appfire#2016-01-18 07:00:55.0#appfire#null#appfire#2016-01-18 07:00:55.0#appfire#1#appfire#1#appfire#D1C4DC01-4BB8-4072-B42E-7140ED282149
91BF44E7-6380-415C-9832-ACAD3F3E3C1A#appfire#LoginService#appfire#testprj.app.server.service.LoginService#appfire#{"resourceMapping":"/Login","defaultMethodType":"","defaultContentType":""}#appfire#{"repository":{"fileName":"LoginService.java","filePath":"testprj/src/main/java/testprj/app/server/service/LoginService.java"},"implementInterface":[],"extendsClass":[],"repositories":[{"repository":{"fileName":"LoginRepositoryImpl.java","filePath":"testprj/src/main/java/testprj/app/server/repository/LoginRepositoryImpl.java"},"implementInterface":[{"fileName":"LoginRepository.java","filePath":"testprj/src/main/java/testprj/app/server/repository/LoginRepository.java"}],"extendsClass":[{"fileName":"SearchInterfaceImpl.java","filePath":"testprj/src/main/java/testprj/app/server/repository/SearchInterfaceImpl.java","isDisplay":false}],"entities":{"fileName":"Login.java","filePath":"testprj/src/main/java/testprj/app/shared/authentication/Login.java"}}]}#appfire#I#appfire#TYVA5RAP6L17FL5MZYIAYG#appfire#ba9dced8-453e-49a3-b627-d497a1f91b17#appfire#1#appfire#null#appfire#2016-01-18 07:00:57.0#appfire#null#appfire#2016-01-18 07:00:57.0#appfire#1#appfire#1#appfire#DB237C09-3453-4347-9DDD-8A17728E1324
99C8B266-34BA-46B0-871B-6B58BB272742#appfire#CoreContactsService#appfire#testprj.app.server.service.CoreContactsService#appfire#{"resourceMapping":"/CoreContacts","defaultMethodType":"","defaultContentType":""}#appfire#{"repository":{"fileName":"CoreContactsService.java","filePath":"testprj/src/main/java/testprj/app/server/service/CoreContactsService.java"},"implementInterface":[],"extendsClass":[],"repositories":[{"repository":{"fileName":"CoreContactsRepositoryImpl.java","filePath":"testprj/src/main/java/testprj/app/server/repository/CoreContactsRepositoryImpl.java"},"implementInterface":[{"fileName":"CoreContactsRepository.java","filePath":"testprj/src/main/java/testprj/app/server/repository/CoreContactsRepository.java"}],"extendsClass":[{"fileName":"SearchInterfaceImpl.java","filePath":"testprj/src/main/java/testprj/app/server/repository/SearchInterfaceImpl.java","isDisplay":false}],"entities":{"fileName":"CoreContacts.java","filePath":"testprj/src/main/java/testprj/app/shared/contacts/CoreContacts.java"}}]}#appfire#I#appfire#TYVA5RAP6L17FL5MZYIAYG#appfire#ba9dced8-453e-49a3-b627-d497a1f91b17#appfire#1#appfire#null#appfire#2016-01-18 07:00:53.0#appfire#null#appfire#2016-01-18 07:00:53.0#appfire#1#appfire#1#appfire#C26A09D2-37AB-4B56-BC73-053B583252F8
9F2E491B-75FE-497D-9D98-78BD18F4B635#appfire#AppCustomerCategoryService#appfire#testprj.app.server.service.AppCustomerCategoryService#appfire#{"resourceMapping":"/AppCustomerCategory","defaultMethodType":"","defaultContentType":""}#appfire#{"repository":{"fileName":"AppCustomerCategoryService.java","filePath":"testprj/src/main/java/testprj/app/server/service/AppCustomerCategoryService.java"},"implementInterface":[],"extendsClass":[],"repositories":[{"repository":{"fileName":"AppCustomerCategoryRepositoryImpl.java","filePath":"testprj/src/main/java/testprj/app/server/repository/AppCustomerCategoryRepositoryImpl.java"},"implementInterface":[{"fileName":"AppCustomerCategoryRepository.java","filePath":"testprj/src/main/java/testprj/app/server/repository/AppCustomerCategoryRepository.java"}],"extendsClass":[{"fileName":"SearchInterfaceImpl.java","filePath":"testprj/src/main/java/testprj/app/server/repository/SearchInterfaceImpl.java","isDisplay":false}],"entities":{"fileName":"AppCustomerCategory.java","filePath":"testprj/src/main/java/testprj/app/shared/customers/AppCustomerCategory.java"}}]}#appfire#I#appfire#TYVA5RAP6L17FL5MZYIAYG#appfire#ba9dced8-453e-49a3-b627-d497a1f91b17#appfire#1#appfire#null#appfire#2016-01-18 07:01:02.0#appfire#null#appfire#2016-01-18 07:01:02.0#appfire#1#appfire#1#appfire#21024820-223F-4160-983F-086C358F86CF
9F8323E7-6BA7-4AE9-B658-5CFC3FBCBF61#appfire#AddressService#appfire#testprj.app.server.service.AddressService#appfire#{"resourceMapping":"/Address","defaultMethodType":"","defaultContentType":""}#appfire#{"repository":{"fileName":"AddressService.java","filePath":"testprj/src/main/java/testprj/app/server/service/AddressService.java"},"implementInterface":[],"extendsClass":[],"repositories":[{"repository":{"fileName":"AddressRepositoryImpl.java","filePath":"testprj/src/main/java/testprj/app/server/repository/AddressRepositoryImpl.java"},"implementInterface":[{"fileName":"AddressRepository.java","filePath":"testprj/src/main/java/testprj/app/server/repository/AddressRepository.java"}],"extendsClass":[{"fileName":"SearchInterfaceImpl.java","filePath":"testprj/src/main/java/testprj/app/server/repository/SearchInterfaceImpl.java","isDisplay":false}],"entities":{"fileName":"Address.java","filePath":"testprj/src/main/java/testprj/app/shared/location/Address.java"}}]}#appfire#I#appfire#TYVA5RAP6L17FL5MZYIAYG#appfire#ba9dced8-453e-49a3-b627-d497a1f91b17#appfire#1#appfire#null#appfire#2016-01-18 07:00:48.0#appfire#null#appfire#2016-01-18 07:00:48.0#appfire#1#appfire#1#appfire#92664F6A-36DB-4B1B-ABE1-E1042F19C29D
A08838F0-0FBD-43C6-A069-790E1C874ABA#appfire#TitleService#appfire#testprj.app.server.service.TitleService#appfire#{"resourceMapping":"/Title","defaultMethodType":"","defaultContentType":""}#appfire#{"repository":{"fileName":"TitleService.java","filePath":"testprj/src/main/java/testprj/app/server/service/TitleService.java"},"implementInterface":[],"extendsClass":[],"repositories":[{"repository":{"fileName":"TitleRepositoryImpl.java","filePath":"testprj/src/main/java/testprj/app/server/repository/TitleRepositoryImpl.java"},"implementInterface":[{"fileName":"TitleRepository.java","filePath":"testprj/src/main/java/testprj/app/server/repository/TitleRepository.java"}],"extendsClass":[{"fileName":"SearchInterfaceImpl.java","filePath":"testprj/src/main/java/testprj/app/server/repository/SearchInterfaceImpl.java","isDisplay":false}],"entities":{"fileName":"Title.java","filePath":"testprj/src/main/java/testprj/app/shared/contacts/Title.java"}}]}#appfire#I#appfire#TYVA5RAP6L17FL5MZYIAYG#appfire#ba9dced8-453e-49a3-b627-d497a1f91b17#appfire#1#appfire#null#appfire#2016-01-18 07:00:52.0#appfire#null#appfire#2016-01-18 07:00:52.0#appfire#1#appfire#1#appfire#93130DDD-5123-4F84-8CFD-3D7031B0E2E5
AAFD5599-BA6C-449B-97C8-92D7EAD16FE1#appfire#TalukaService#appfire#testprj.app.server.service.TalukaService#appfire#{"resourceMapping":"/Taluka","defaultMethodType":"","defaultContentType":""}#appfire#{"repository":{"fileName":"TalukaService.java","filePath":"testprj/src/main/java/testprj/app/server/service/TalukaService.java"},"implementInterface":[],"extendsClass":[],"repositories":[{"repository":{"fileName":"TalukaRepositoryImpl.java","filePath":"testprj/src/main/java/testprj/app/server/repository/TalukaRepositoryImpl.java"},"implementInterface":[{"fileName":"TalukaRepository.java","filePath":"testprj/src/main/java/testprj/app/server/repository/TalukaRepository.java"}],"extendsClass":[{"fileName":"SearchInterfaceImpl.java","filePath":"testprj/src/main/java/testprj/app/server/repository/SearchInterfaceImpl.java","isDisplay":false}],"entities":{"fileName":"Taluka.java","filePath":"testprj/src/main/java/testprj/app/shared/location/Taluka.java"}}]}#appfire#I#appfire#TYVA5RAP6L17FL5MZYIAYG#appfire#ba9dced8-453e-49a3-b627-d497a1f91b17#appfire#1#appfire#null#appfire#2016-01-18 07:00:46.0#appfire#null#appfire#2016-01-18 07:00:46.0#appfire#1#appfire#1#appfire#3EA0F956-D5E2-4EC0-AC15-3FAACDB9E3B7
B016960B-230F-4122-B08D-4973CE1E3554#appfire#QuestionService#appfire#testprj.app.server.service.QuestionService#appfire#{"resourceMapping":"/Question","defaultMethodType":"","defaultContentType":""}#appfire#{"repository":{"fileName":"QuestionService.java","filePath":"testprj/src/main/java/testprj/app/server/service/QuestionService.java"},"implementInterface":[],"extendsClass":[],"repositories":[{"repository":{"fileName":"QuestionRepositoryImpl.java","filePath":"testprj/src/main/java/testprj/app/server/repository/QuestionRepositoryImpl.java"},"implementInterface":[{"fileName":"QuestionRepository.java","filePath":"testprj/src/main/java/testprj/app/server/repository/QuestionRepository.java"}],"extendsClass":[{"fileName":"SearchInterfaceImpl.java","filePath":"testprj/src/main/java/testprj/app/server/repository/SearchInterfaceImpl.java","isDisplay":false}],"entities":{"fileName":"Question.java","filePath":"testprj/src/main/java/testprj/app/shared/authentication/Question.java"}}]}#appfire#I#appfire#TYVA5RAP6L17FL5MZYIAYG#appfire#ba9dced8-453e-49a3-b627-d497a1f91b17#appfire#1#appfire#null#appfire#2016-01-18 07:00:55.0#appfire#null#appfire#2016-01-18 07:00:55.0#appfire#1#appfire#1#appfire#6E4464A1-3D67-46DC-8CE9-BACF1E6C7483
B2569BA8-3D04-4BC0-8219-6DCEEC5A5B54#appfire#RegionService#appfire#testprj.app.server.service.RegionService#appfire#{"resourceMapping":"/Region","defaultMethodType":"","defaultContentType":""}#appfire#{"repository":{"fileName":"RegionService.java","filePath":"testprj/src/main/java/testprj/app/server/service/RegionService.java"},"implementInterface":[],"extendsClass":[],"repositories":[{"repository":{"fileName":"RegionRepositoryImpl.java","filePath":"testprj/src/main/java/testprj/app/server/repository/RegionRepositoryImpl.java"},"implementInterface":[{"fileName":"RegionRepository.java","filePath":"testprj/src/main/java/testprj/app/server/repository/RegionRepository.java"}],"extendsClass":[{"fileName":"SearchInterfaceImpl.java","filePath":"testprj/src/main/java/testprj/app/server/repository/SearchInterfaceImpl.java","isDisplay":false}],"entities":{"fileName":"Region.java","filePath":"testprj/src/main/java/testprj/app/shared/location/Region.java"}}]}#appfire#I#appfire#TYVA5RAP6L17FL5MZYIAYG#appfire#ba9dced8-453e-49a3-b627-d497a1f91b17#appfire#1#appfire#null#appfire#2016-01-18 07:00:45.0#appfire#null#appfire#2016-01-18 07:00:45.0#appfire#1#appfire#1#appfire#43F69CE8-EE27-491F-9168-34B416023689
B8B4A201-E751-49B8-AF04-2DE5CC038534#appfire#UserAccessService#appfire#testprj.app.server.service.UserAccessService#appfire#{"resourceMapping":"/UserAccess","defaultMethodType":"","defaultContentType":""}#appfire#{"repository":{"fileName":"UserAccessService.java","filePath":"testprj/src/main/java/testprj/app/server/service/UserAccessService.java"},"implementInterface":[],"extendsClass":[],"repositories":[{"repository":{"fileName":"UserAccessRepositoryImpl.java","filePath":"testprj/src/main/java/testprj/app/server/repository/UserAccessRepositoryImpl.java"},"implementInterface":[{"fileName":"UserAccessRepository.java","filePath":"testprj/src/main/java/testprj/app/server/repository/UserAccessRepository.java"}],"extendsClass":[{"fileName":"SearchInterfaceImpl.java","filePath":"testprj/src/main/java/testprj/app/server/repository/SearchInterfaceImpl.java","isDisplay":false}],"entities":{"fileName":"UserAccess.java","filePath":"testprj/src/main/java/testprj/app/shared/sales/UserAccess.java"}}]}#appfire#I#appfire#TYVA5RAP6L17FL5MZYIAYG#appfire#ba9dced8-453e-49a3-b627-d497a1f91b17#appfire#1#appfire#null#appfire#2016-01-18 07:01:08.0#appfire#null#appfire#2016-01-18 07:01:08.0#appfire#1#appfire#1#appfire#9A1FED6A-0F2D-4B43-A27D-48EA95BBD928
BDEB631E-A2D5-44D6-9DC8-703ED2AB1D0E#appfire#CommunicationGroupService#appfire#testprj.app.server.service.CommunicationGroupService#appfire#{"resourceMapping":"/CommunicationGroup","defaultMethodType":"","defaultContentType":""}#appfire#{"repository":{"fileName":"CommunicationGroupService.java","filePath":"testprj/src/main/java/testprj/app/server/service/CommunicationGroupService.java"},"implementInterface":[],"extendsClass":[],"repositories":[{"repository":{"fileName":"CommunicationGroupRepositoryImpl.java","filePath":"testprj/src/main/java/testprj/app/server/repository/CommunicationGroupRepositoryImpl.java"},"implementInterface":[{"fileName":"CommunicationGroupRepository.java","filePath":"testprj/src/main/java/testprj/app/server/repository/CommunicationGroupRepository.java"}],"extendsClass":[{"fileName":"SearchInterfaceImpl.java","filePath":"testprj/src/main/java/testprj/app/server/repository/SearchInterfaceImpl.java","isDisplay":false}],"entities":{"fileName":"CommunicationGroup.java","filePath":"testprj/src/main/java/testprj/app/shared/contacts/CommunicationGroup.java"}}]}#appfire#I#appfire#TYVA5RAP6L17FL5MZYIAYG#appfire#ba9dced8-453e-49a3-b627-d497a1f91b17#appfire#1#appfire#null#appfire#2016-01-18 07:00:49.0#appfire#null#appfire#2016-01-18 07:00:49.0#appfire#1#appfire#1#appfire#3FFCD78A-A48F-4163-A31D-DD7831524E11
BF3EE044-7725-4049-A4E5-E052487ACE6A#appfire#DistrictService#appfire#testprj.app.server.service.DistrictService#appfire#{"resourceMapping":"/District","defaultMethodType":"","defaultContentType":""}#appfire#{"repository":{"fileName":"DistrictService.java","filePath":"testprj/src/main/java/testprj/app/server/service/DistrictService.java"},"implementInterface":[],"extendsClass":[],"repositories":[{"repository":{"fileName":"DistrictRepositoryImpl.java","filePath":"testprj/src/main/java/testprj/app/server/repository/DistrictRepositoryImpl.java"},"implementInterface":[{"fileName":"DistrictRepository.java","filePath":"testprj/src/main/java/testprj/app/server/repository/DistrictRepository.java"}],"extendsClass":[{"fileName":"SearchInterfaceImpl.java","filePath":"testprj/src/main/java/testprj/app/server/repository/SearchInterfaceImpl.java","isDisplay":false}],"entities":{"fileName":"District.java","filePath":"testprj/src/main/java/testprj/app/shared/location/District.java"}}]}#appfire#I#appfire#TYVA5RAP6L17FL5MZYIAYG#appfire#ba9dced8-453e-49a3-b627-d497a1f91b17#appfire#1#appfire#null#appfire#2016-01-18 07:00:45.0#appfire#null#appfire#2016-01-18 07:00:45.0#appfire#1#appfire#1#appfire#85766FC6-FCE5-446E-B64E-4DCF7C2C9035
C145618B-4149-4A36-A449-C16BF002BB74#appfire#CityService#appfire#testprj.app.server.service.CityService#appfire#{"resourceMapping":"/City","defaultMethodType":"","defaultContentType":""}#appfire#{"repository":{"fileName":"CityService.java","filePath":"testprj/src/main/java/testprj/app/server/service/CityService.java"},"implementInterface":[],"extendsClass":[],"repositories":[{"repository":{"fileName":"CityRepositoryImpl.java","filePath":"testprj/src/main/java/testprj/app/server/repository/CityRepositoryImpl.java"},"implementInterface":[{"fileName":"CityRepository.java","filePath":"testprj/src/main/java/testprj/app/server/repository/CityRepository.java"}],"extendsClass":[{"fileName":"SearchInterfaceImpl.java","filePath":"testprj/src/main/java/testprj/app/server/repository/SearchInterfaceImpl.java","isDisplay":false}],"entities":{"fileName":"City.java","filePath":"testprj/src/main/java/testprj/app/shared/location/City.java"}}]}#appfire#I#appfire#TYVA5RAP6L17FL5MZYIAYG#appfire#ba9dced8-453e-49a3-b627-d497a1f91b17#appfire#1#appfire#null#appfire#2016-01-18 07:00:46.0#appfire#null#appfire#2016-01-18 07:00:46.0#appfire#1#appfire#1#appfire#772435B4-3E00-40C9-9889-256C30723214
C5CAB5C4-61F7-4154-87BB-79A6B9D3D878#appfire#SalesDataService#appfire#testprj.app.server.service.SalesDataService#appfire#{"resourceMapping":"/SalesData","defaultMethodType":"","defaultContentType":""}#appfire#{"repository":{"fileName":"SalesDataService.java","filePath":"testprj/src/main/java/testprj/app/server/service/SalesDataService.java"},"implementInterface":[],"extendsClass":[],"repositories":[{"repository":{"fileName":"SalesDataRepositoryImpl.java","filePath":"testprj/src/main/java/testprj/app/server/repository/SalesDataRepositoryImpl.java"},"implementInterface":[{"fileName":"SalesDataRepository.java","filePath":"testprj/src/main/java/testprj/app/server/repository/SalesDataRepository.java"}],"extendsClass":[{"fileName":"SearchInterfaceImpl.java","filePath":"testprj/src/main/java/testprj/app/server/repository/SearchInterfaceImpl.java","isDisplay":false}],"entities":{"fileName":"SalesData.java","filePath":"testprj/src/main/java/testprj/app/shared/sales/SalesData.java"}}]}#appfire#I#appfire#TYVA5RAP6L17FL5MZYIAYG#appfire#ba9dced8-453e-49a3-b627-d497a1f91b17#appfire#1#appfire#null#appfire#2016-01-18 07:01:07.0#appfire#null#appfire#2016-01-18 07:01:07.0#appfire#1#appfire#1#appfire#D3FE9AD4-3B3D-4EA5-9ED5-B292D1FE01D3
C81E493E-89A0-4344-9B1F-251E9D0865AB#appfire#RetailerService#appfire#testprj.app.server.service.RetailerService#appfire#{"resourceMapping":"/Retailer","defaultMethodType":"","defaultContentType":""}#appfire#{"repository":{"fileName":"RetailerService.java","filePath":"testprj/src/main/java/testprj/app/server/service/RetailerService.java"},"implementInterface":[],"extendsClass":[],"repositories":[{"repository":{"fileName":"RetailerRepositoryImpl.java","filePath":"testprj/src/main/java/testprj/app/server/repository/RetailerRepositoryImpl.java"},"implementInterface":[{"fileName":"RetailerRepository.java","filePath":"testprj/src/main/java/testprj/app/server/repository/RetailerRepository.java"}],"extendsClass":[{"fileName":"SearchInterfaceImpl.java","filePath":"testprj/src/main/java/testprj/app/server/repository/SearchInterfaceImpl.java","isDisplay":false}],"entities":{"fileName":"Retailer.java","filePath":"testprj/src/main/java/testprj/app/shared/sales/Retailer.java"}}]}#appfire#I#appfire#TYVA5RAP6L17FL5MZYIAYG#appfire#ba9dced8-453e-49a3-b627-d497a1f91b17#appfire#1#appfire#null#appfire#2016-01-18 07:01:06.0#appfire#null#appfire#2016-01-18 07:01:06.0#appfire#1#appfire#1#appfire#A4323379-A42A-4165-8083-D9B8843C93C7
CF560F2E-89A4-4C18-A7EC-E6B619C5F242#appfire#SalesRegionService#appfire#testprj.app.server.service.SalesRegionService#appfire#{"resourceMapping":"/SalesRegion","defaultMethodType":"","defaultContentType":""}#appfire#{"repository":{"fileName":"SalesRegionService.java","filePath":"testprj/src/main/java/testprj/app/server/service/SalesRegionService.java"},"implementInterface":[],"extendsClass":[],"repositories":[{"repository":{"fileName":"SalesRegionRepositoryImpl.java","filePath":"testprj/src/main/java/testprj/app/server/repository/SalesRegionRepositoryImpl.java"},"implementInterface":[{"fileName":"SalesRegionRepository.java","filePath":"testprj/src/main/java/testprj/app/server/repository/SalesRegionRepository.java"}],"extendsClass":[{"fileName":"SearchInterfaceImpl.java","filePath":"testprj/src/main/java/testprj/app/server/repository/SearchInterfaceImpl.java","isDisplay":false}],"entities":{"fileName":"SalesRegion.java","filePath":"testprj/src/main/java/testprj/app/shared/sales/SalesRegion.java"}}]}#appfire#I#appfire#TYVA5RAP6L17FL5MZYIAYG#appfire#ba9dced8-453e-49a3-b627-d497a1f91b17#appfire#1#appfire#null#appfire#2016-01-18 07:01:05.0#appfire#null#appfire#2016-01-18 07:01:05.0#appfire#1#appfire#1#appfire#BD1751F2-F27A-42EC-B838-69BF496C79FD
D4870AFA-00FD-43CD-A718-2BB0B319E180#appfire#AppCustomerService#appfire#testprj.app.server.service.AppCustomerService#appfire#{"resourceMapping":"/AppCustomer","defaultMethodType":"","defaultContentType":""}#appfire#{"repository":{"fileName":"AppCustomerService.java","filePath":"testprj/src/main/java/testprj/app/server/service/AppCustomerService.java"},"implementInterface":[],"extendsClass":[],"repositories":[{"repository":{"fileName":"AppCustomerRepositoryImpl.java","filePath":"testprj/src/main/java/testprj/app/server/repository/AppCustomerRepositoryImpl.java"},"implementInterface":[{"fileName":"AppCustomerRepository.java","filePath":"testprj/src/main/java/testprj/app/server/repository/AppCustomerRepository.java"}],"extendsClass":[{"fileName":"SearchInterfaceImpl.java","filePath":"testprj/src/main/java/testprj/app/server/repository/SearchInterfaceImpl.java","isDisplay":false}],"entities":{"fileName":"AppCustomer.java","filePath":"testprj/src/main/java/testprj/app/shared/customers/AppCustomer.java"}}]}#appfire#I#appfire#TYVA5RAP6L17FL5MZYIAYG#appfire#ba9dced8-453e-49a3-b627-d497a1f91b17#appfire#1#appfire#null#appfire#2016-01-18 07:01:02.0#appfire#null#appfire#2016-01-18 07:01:02.0#appfire#1#appfire#1#appfire#F61F615E-C2EF-47E6-8622-2BB6860E5126
DAB90948-711B-4EAF-8181-FF904E1B7741#appfire#AddressTypeService#appfire#testprj.app.server.service.AddressTypeService#appfire#{"resourceMapping":"/AddressType","defaultMethodType":"","defaultContentType":""}#appfire#{"repository":{"fileName":"AddressTypeService.java","filePath":"testprj/src/main/java/testprj/app/server/service/AddressTypeService.java"},"implementInterface":[],"extendsClass":[],"repositories":[{"repository":{"fileName":"AddressTypeRepositoryImpl.java","filePath":"testprj/src/main/java/testprj/app/server/repository/AddressTypeRepositoryImpl.java"},"implementInterface":[{"fileName":"AddressTypeRepository.java","filePath":"testprj/src/main/java/testprj/app/server/repository/AddressTypeRepository.java"}],"extendsClass":[{"fileName":"SearchInterfaceImpl.java","filePath":"testprj/src/main/java/testprj/app/server/repository/SearchInterfaceImpl.java","isDisplay":false}],"entities":{"fileName":"AddressType.java","filePath":"testprj/src/main/java/testprj/app/shared/location/AddressType.java"}}]}#appfire#I#appfire#TYVA5RAP6L17FL5MZYIAYG#appfire#ba9dced8-453e-49a3-b627-d497a1f91b17#appfire#1#appfire#null#appfire#2016-01-18 07:00:48.0#appfire#null#appfire#2016-01-18 07:00:48.0#appfire#1#appfire#1#appfire#A1F26F56-5007-497F-B712-D3FC4B273B52
DB7C3464-FD33-4C05-B25C-1BFA0178A195#appfire#ChannelService#appfire#testprj.app.server.service.ChannelService#appfire#{"resourceMapping":"/Channel","defaultMethodType":"","defaultContentType":""}#appfire#{"repository":{"fileName":"ChannelService.java","filePath":"testprj/src/main/java/testprj/app/server/service/ChannelService.java"},"implementInterface":[],"extendsClass":[],"repositories":[{"repository":{"fileName":"ChannelRepositoryImpl.java","filePath":"testprj/src/main/java/testprj/app/server/repository/ChannelRepositoryImpl.java"},"implementInterface":[{"fileName":"ChannelRepository.java","filePath":"testprj/src/main/java/testprj/app/server/repository/ChannelRepository.java"}],"extendsClass":[{"fileName":"SearchInterfaceImpl.java","filePath":"testprj/src/main/java/testprj/app/server/repository/SearchInterfaceImpl.java","isDisplay":false}],"entities":{"fileName":"Channel.java","filePath":"testprj/src/main/java/testprj/app/shared/sales/Channel.java"}}]}#appfire#I#appfire#TYVA5RAP6L17FL5MZYIAYG#appfire#ba9dced8-453e-49a3-b627-d497a1f91b17#appfire#1#appfire#null#appfire#2016-01-18 07:01:03.0#appfire#null#appfire#2016-01-18 07:01:03.0#appfire#1#appfire#1#appfire#CC048F85-514A-4CD9-81B3-D20D411D23E5
E2C0ACC6-6CB5-486C-9E67-1D4A2FD9C4F9#appfire#UserRoleBridgeService#appfire#testprj.app.server.service.UserRoleBridgeService#appfire#{"resourceMapping":"/UserRoleBridge","defaultMethodType":"","defaultContentType":""}#appfire#{"repository":{"fileName":"UserRoleBridgeService.java","filePath":"testprj/src/main/java/testprj/app/server/service/UserRoleBridgeService.java"},"implementInterface":[],"extendsClass":[],"repositories":[{"repository":{"fileName":"UserRoleBridgeRepositoryImpl.java","filePath":"testprj/src/main/java/testprj/app/server/repository/UserRoleBridgeRepositoryImpl.java"},"implementInterface":[{"fileName":"UserRoleBridgeRepository.java","filePath":"testprj/src/main/java/testprj/app/server/repository/UserRoleBridgeRepository.java"}],"extendsClass":[{"fileName":"SearchInterfaceImpl.java","filePath":"testprj/src/main/java/testprj/app/server/repository/SearchInterfaceImpl.java","isDisplay":false}],"entities":{"fileName":"UserRoleBridge.java","filePath":"testprj/src/main/java/testprj/app/shared/authorization/UserRoleBridge.java"}}]}#appfire#I#appfire#TYVA5RAP6L17FL5MZYIAYG#appfire#ba9dced8-453e-49a3-b627-d497a1f91b17#appfire#1#appfire#null#appfire#2016-01-18 07:01:01.0#appfire#null#appfire#2016-01-18 07:01:01.0#appfire#1#appfire#1#appfire#BD1CC8B2-9990-477F-B5DE-5EC0C4E69D8B
F02FD194-9983-4917-83B4-601EEA294E69#appfire#RolesService#appfire#testprj.app.server.service.RolesService#appfire#{"resourceMapping":"/Roles","defaultMethodType":"","defaultContentType":""}#appfire#{"repository":{"fileName":"RolesService.java","filePath":"testprj/src/main/java/testprj/app/server/service/RolesService.java"},"implementInterface":[],"extendsClass":[],"repositories":[{"repository":{"fileName":"RolesRepositoryImpl.java","filePath":"testprj/src/main/java/testprj/app/server/repository/RolesRepositoryImpl.java"},"implementInterface":[{"fileName":"RolesRepository.java","filePath":"testprj/src/main/java/testprj/app/server/repository/RolesRepository.java"}],"extendsClass":[{"fileName":"SearchInterfaceImpl.java","filePath":"testprj/src/main/java/testprj/app/server/repository/SearchInterfaceImpl.java","isDisplay":false}],"entities":{"fileName":"Roles.java","filePath":"testprj/src/main/java/testprj/app/shared/authorization/Roles.java"}}]}#appfire#I#appfire#TYVA5RAP6L17FL5MZYIAYG#appfire#ba9dced8-453e-49a3-b627-d497a1f91b17#appfire#1#appfire#null#appfire#2016-01-18 07:00:59.0#appfire#null#appfire#2016-01-18 07:00:59.0#appfire#1#appfire#1#appfire#1A0C50C0-6687-4C67-8EF5-FFBA4E7E41AE
F57B88FA-2C87-4C11-A1E7-B01B043284EC#appfire#TimezoneService#appfire#testprj.app.server.service.TimezoneService#appfire#{"resourceMapping":"/Timezone","defaultMethodType":"","defaultContentType":""}#appfire#{"repository":{"fileName":"TimezoneService.java","filePath":"testprj/src/main/java/testprj/app/server/service/TimezoneService.java"},"implementInterface":[],"extendsClass":[],"repositories":[{"repository":{"fileName":"TimezoneRepositoryImpl.java","filePath":"testprj/src/main/java/testprj/app/server/repository/TimezoneRepositoryImpl.java"},"implementInterface":[{"fileName":"TimezoneRepository.java","filePath":"testprj/src/main/java/testprj/app/server/repository/TimezoneRepository.java"}],"extendsClass":[{"fileName":"SearchInterfaceImpl.java","filePath":"testprj/src/main/java/testprj/app/server/repository/SearchInterfaceImpl.java","isDisplay":false}],"entities":{"fileName":"Timezone.java","filePath":"testprj/src/main/java/testprj/app/shared/location/Timezone.java"}}]}#appfire#I#appfire#TYVA5RAP6L17FL5MZYIAYG#appfire#ba9dced8-453e-49a3-b627-d497a1f91b17#appfire#1#appfire#null#appfire#2016-01-18 07:00:43.0#appfire#null#appfire#2016-01-18 07:00:43.0#appfire#1#appfire#1#appfire#FDC99DFD-953C-425C-94B6-13D1074A9833
F75E3550-54A0-4CAF-92F4-9253A6F319FA#appfire#StateService#appfire#testprj.app.server.service.StateService#appfire#{"resourceMapping":"/State","defaultMethodType":"","defaultContentType":""}#appfire#{"repository":{"fileName":"StateService.java","filePath":"testprj/src/main/java/testprj/app/server/service/StateService.java"},"implementInterface":[],"extendsClass":[],"repositories":[{"repository":{"fileName":"StateRepositoryImpl.java","filePath":"testprj/src/main/java/testprj/app/server/repository/StateRepositoryImpl.java"},"implementInterface":[{"fileName":"StateRepository.java","filePath":"testprj/src/main/java/testprj/app/server/repository/StateRepository.java"}],"extendsClass":[{"fileName":"SearchInterfaceImpl.java","filePath":"testprj/src/main/java/testprj/app/server/repository/SearchInterfaceImpl.java","isDisplay":false}],"entities":{"fileName":"State.java","filePath":"testprj/src/main/java/testprj/app/shared/location/State.java"}}]}#appfire#I#appfire#TYVA5RAP6L17FL5MZYIAYG#appfire#ba9dced8-453e-49a3-b627-d497a1f91b17#appfire#1#appfire#null#appfire#2016-01-18 07:00:44.0#appfire#null#appfire#2016-01-18 07:00:44.0#appfire#1#appfire#1#appfire#F2659561-3896-474F-B0E9-39AD1144884B