00FCE2DB-7112-40BF-AE63-228ACC6C896C#appfire#TitleService#appfire#com.app.server.service.TitleService#appfire#{"resourceMapping":"/Title","defaultMethodType":"","defaultContentType":""}#appfire#{"repository":{"fileName":"TitleService.java","filePath":"testpro/src/main/java/com/app/server/service/TitleService.java"},"implementInterface":[],"extendsClass":[],"repositories":[{"repository":{"fileName":"TitleRepositoryImpl.java","filePath":"testpro/src/main/java/com/app/server/repository/TitleRepositoryImpl.java"},"implementInterface":[{"fileName":"TitleRepository.java","filePath":"testpro/src/main/java/com/app/server/repository/TitleRepository.java"}],"extendsClass":[{"fileName":"SearchInterfaceImpl.java","filePath":"testpro/src/main/java/com/app/server/repository/SearchInterfaceImpl.java","isDisplay":false}],"entities":{"fileName":"Title.java","filePath":"testpro/src/main/java/com/app/shared/contacts/Title.java"}}]}#appfire#I#appfire#ZFXGXKLJJBAP6OPSUORG#appfire#A1A4C59B-426C-4BCC-9018-F26D5BF4DF83#appfire#1#appfire#\N#appfire#2016-01-14 12:23:00#appfire#\N#appfire#2016-01-14 12:23:00#appfire#1#appfire#1#appfire#F3674951-066D-4110-8109-C33B8A88EFBB
023BE017-EC76-4BBF-B2F8-596799F2C6D6#appfire#AppCustomerCategoryService#appfire#com.app.server.service.AppCustomerCategoryService#appfire#{"resourceMapping":"/AppCustomerCategory","defaultMethodType":"","defaultContentType":""}#appfire#{"repository":{"fileName":"AppCustomerCategoryService.java","filePath":"testpro/src/main/java/com/app/server/service/AppCustomerCategoryService.java"},"implementInterface":[],"extendsClass":[],"repositories":[{"repository":{"fileName":"AppCustomerCategoryRepositoryImpl.java","filePath":"testpro/src/main/java/com/app/server/repository/AppCustomerCategoryRepositoryImpl.java"},"implementInterface":[{"fileName":"AppCustomerCategoryRepository.java","filePath":"testpro/src/main/java/com/app/server/repository/AppCustomerCategoryRepository.java"}],"extendsClass":[{"fileName":"SearchInterfaceImpl.java","filePath":"testpro/src/main/java/com/app/server/repository/SearchInterfaceImpl.java","isDisplay":false}],"entities":{"fileName":"AppCustomerCategory.java","filePath":"testpro/src/main/java/com/app/shared/customers/AppCustomerCategory.java"}}]}#appfire#I#appfire#ZFXGXKLJJBAP6OPSUORG#appfire#A1A4C59B-426C-4BCC-9018-F26D5BF4DF83#appfire#1#appfire#\N#appfire#2016-01-14 12:23:34#appfire#\N#appfire#2016-01-14 12:23:34#appfire#1#appfire#1#appfire#4EE56167-5F0B-4C55-8CBA-F588D28AEE09
052AC3AD-637C-4D21-8732-44EBE0CD697D#appfire#CommunicationTypeService#appfire#com.app.server.service.CommunicationTypeService#appfire#{"resourceMapping":"/CommunicationType","defaultMethodType":"","defaultContentType":""}#appfire#{"repository":{"fileName":"CommunicationTypeService.java","filePath":"testpro/src/main/java/com/app/server/service/CommunicationTypeService.java"},"implementInterface":[],"extendsClass":[],"repositories":[{"repository":{"fileName":"CommunicationTypeRepositoryImpl.java","filePath":"testpro/src/main/java/com/app/server/repository/CommunicationTypeRepositoryImpl.java"},"implementInterface":[{"fileName":"CommunicationTypeRepository.java","filePath":"testpro/src/main/java/com/app/server/repository/CommunicationTypeRepository.java"}],"extendsClass":[{"fileName":"SearchInterfaceImpl.java","filePath":"testpro/src/main/java/com/app/server/repository/SearchInterfaceImpl.java","isDisplay":false}],"entities":{"fileName":"CommunicationType.java","filePath":"testpro/src/main/java/com/app/shared/contacts/CommunicationType.java"}}]}#appfire#I#appfire#ZFXGXKLJJBAP6OPSUORG#appfire#A1A4C59B-426C-4BCC-9018-F26D5BF4DF83#appfire#1#appfire#\N#appfire#2016-01-14 12:22:59#appfire#\N#appfire#2016-01-14 12:22:59#appfire#1#appfire#1#appfire#F341D06A-016E-445D-A3CE-53D86F58136F
0DAB2779-A6B9-4674-A664-F389F285E641#appfire#NewoneService#appfire#com.app.server.service.NewoneService#appfire#{"resourceMapping":"/Newone","defaultMethodType":"","defaultContentType":""}#appfire#{"repository":{"fileName":"NewoneService.java","filePath":"testpro/src/main/java/com/app/server/service/NewoneService.java"},"implementInterface":[],"extendsClass":[],"repositories":[{"repository":{"fileName":"NewoneRepositoryImpl.java","filePath":"testpro/src/main/java/com/app/server/repository/NewoneRepositoryImpl.java"},"implementInterface":[{"fileName":"NewoneRepository.java","filePath":"testpro/src/main/java/com/app/server/repository/NewoneRepository.java"}],"extendsClass":[{"fileName":"SearchInterfaceImpl.java","filePath":"testpro/src/main/java/com/app/server/repository/SearchInterfaceImpl.java","isDisplay":false}],"entities":{"fileName":"Newone.java","filePath":"testpro/src/main/java/com/app/shared/defaultdomain/Newone.java"}}]}#appfire#I#appfire#ZFXGXKLJJBAP6OPSUORG#appfire#A1A4C59B-426C-4BCC-9018-F26D5BF4DF83#appfire#1#appfire#\N#appfire#2016-01-14 12:45:14#appfire#\N#appfire#2016-01-14 12:45:14#appfire#1#appfire#1#appfire#E470A1A4-27B9-404D-BD6D-870656DDD377
103D1A12-6422-4179-8C43-02F52DAC216A#appfire#DistrictService#appfire#com.app.server.service.DistrictService#appfire#{"resourceMapping":"/District","defaultMethodType":"","defaultContentType":""}#appfire#{"repository":{"fileName":"DistrictService.java","filePath":"testpro/src/main/java/com/app/server/service/DistrictService.java"},"implementInterface":[],"extendsClass":[],"repositories":[{"repository":{"fileName":"DistrictRepositoryImpl.java","filePath":"testpro/src/main/java/com/app/server/repository/DistrictRepositoryImpl.java"},"implementInterface":[{"fileName":"DistrictRepository.java","filePath":"testpro/src/main/java/com/app/server/repository/DistrictRepository.java"}],"extendsClass":[{"fileName":"SearchInterfaceImpl.java","filePath":"testpro/src/main/java/com/app/server/repository/SearchInterfaceImpl.java","isDisplay":false}],"entities":{"fileName":"District.java","filePath":"testpro/src/main/java/com/app/shared/location/District.java"}}]}#appfire#I#appfire#ZFXGXKLJJBAP6OPSUORG#appfire#A1A4C59B-426C-4BCC-9018-F26D5BF4DF83#appfire#1#appfire#\N#appfire#2016-01-14 12:22:45#appfire#\N#appfire#2016-01-14 12:22:45#appfire#1#appfire#1#appfire#CBD8D499-EFD6-4A1B-8DB7-704675605C29
12B68FE5-341A-47E9-B173-BCBDA297BC26#appfire#RolesService#appfire#com.app.server.service.RolesService#appfire#{"resourceMapping":"/Roles","defaultMethodType":"","defaultContentType":""}#appfire#{"repository":{"fileName":"RolesService.java","filePath":"testpro/src/main/java/com/app/server/service/RolesService.java"},"implementInterface":[],"extendsClass":[],"repositories":[{"repository":{"fileName":"RolesRepositoryImpl.java","filePath":"testpro/src/main/java/com/app/server/repository/RolesRepositoryImpl.java"},"implementInterface":[{"fileName":"RolesRepository.java","filePath":"testpro/src/main/java/com/app/server/repository/RolesRepository.java"}],"extendsClass":[{"fileName":"SearchInterfaceImpl.java","filePath":"testpro/src/main/java/com/app/server/repository/SearchInterfaceImpl.java","isDisplay":false}],"entities":{"fileName":"Roles.java","filePath":"testpro/src/main/java/com/app/shared/authorization/Roles.java"}}]}#appfire#I#appfire#ZFXGXKLJJBAP6OPSUORG#appfire#A1A4C59B-426C-4BCC-9018-F26D5BF4DF83#appfire#1#appfire#\N#appfire#2016-01-14 12:23:28#appfire#\N#appfire#2016-01-14 12:23:28#appfire#1#appfire#1#appfire#3D529BCA-1BBF-4421-9A39-7020057FF6E9
1BB9D254-35EB-4F65-8920-1F7A56623202#appfire#PasswordPolicyService#appfire#com.app.server.service.PasswordPolicyService#appfire#{"resourceMapping":"/PasswordPolicy","defaultMethodType":"","defaultContentType":""}#appfire#{"repository":{"fileName":"PasswordPolicyService.java","filePath":"testpro/src/main/java/com/app/server/service/PasswordPolicyService.java"},"implementInterface":[],"extendsClass":[],"repositories":[{"repository":{"fileName":"PasswordPolicyRepositoryImpl.java","filePath":"testpro/src/main/java/com/app/server/repository/PasswordPolicyRepositoryImpl.java"},"implementInterface":[{"fileName":"PasswordPolicyRepository.java","filePath":"testpro/src/main/java/com/app/server/repository/PasswordPolicyRepository.java"}],"extendsClass":[{"fileName":"SearchInterfaceImpl.java","filePath":"testpro/src/main/java/com/app/server/repository/SearchInterfaceImpl.java","isDisplay":false}],"entities":{"fileName":"PasswordPolicy.java","filePath":"testpro/src/main/java/com/app/shared/authentication/PasswordPolicy.java"}}]}#appfire#I#appfire#ZFXGXKLJJBAP6OPSUORG#appfire#A1A4C59B-426C-4BCC-9018-F26D5BF4DF83#appfire#1#appfire#\N#appfire#2016-01-14 12:23:09#appfire#\N#appfire#2016-01-14 12:23:09#appfire#1#appfire#1#appfire#47E3E41E-4582-414C-960C-392D12C0B59B
25B63484-6CC2-4B0C-A885-2CA7CEA2B965#appfire#LoginService#appfire#com.app.server.service.LoginService#appfire#{"resourceMapping":"/Login","defaultMethodType":"","defaultContentType":""}#appfire#{"repository":{"fileName":"LoginService.java","filePath":"testpro/src/main/java/com/app/server/service/LoginService.java"},"implementInterface":[],"extendsClass":[],"repositories":[{"repository":{"fileName":"LoginRepositoryImpl.java","filePath":"testpro/src/main/java/com/app/server/repository/LoginRepositoryImpl.java"},"implementInterface":[{"fileName":"LoginRepository.java","filePath":"testpro/src/main/java/com/app/server/repository/LoginRepository.java"}],"extendsClass":[{"fileName":"SearchInterfaceImpl.java","filePath":"testpro/src/main/java/com/app/server/repository/SearchInterfaceImpl.java","isDisplay":false}],"entities":{"fileName":"Login.java","filePath":"testpro/src/main/java/com/app/shared/authentication/Login.java"}}]}#appfire#I#appfire#ZFXGXKLJJBAP6OPSUORG#appfire#A1A4C59B-426C-4BCC-9018-F26D5BF4DF83#appfire#1#appfire#\N#appfire#2016-01-14 12:23:18#appfire#\N#appfire#2016-01-14 12:23:18#appfire#1#appfire#1#appfire#E2AA5642-2A74-4DB6-B36E-C461C1E72048
273FD43A-0078-42D1-91A1-C8B608F3C2EE#appfire#TimezoneService#appfire#com.app.server.service.TimezoneService#appfire#{"resourceMapping":"/Timezone","defaultMethodType":"","defaultContentType":""}#appfire#{"repository":{"fileName":"TimezoneService.java","filePath":"testpro/src/main/java/com/app/server/service/TimezoneService.java"},"implementInterface":[],"extendsClass":[],"repositories":[{"repository":{"fileName":"TimezoneRepositoryImpl.java","filePath":"testpro/src/main/java/com/app/server/repository/TimezoneRepositoryImpl.java"},"implementInterface":[{"fileName":"TimezoneRepository.java","filePath":"testpro/src/main/java/com/app/server/repository/TimezoneRepository.java"}],"extendsClass":[{"fileName":"SearchInterfaceImpl.java","filePath":"testpro/src/main/java/com/app/server/repository/SearchInterfaceImpl.java","isDisplay":false}],"entities":{"fileName":"Timezone.java","filePath":"testpro/src/main/java/com/app/shared/location/Timezone.java"}}]}#appfire#I#appfire#ZFXGXKLJJBAP6OPSUORG#appfire#A1A4C59B-426C-4BCC-9018-F26D5BF4DF83#appfire#1#appfire#\N#appfire#2016-01-14 12:22:40#appfire#\N#appfire#2016-01-14 12:22:40#appfire#1#appfire#1#appfire#0B053D39-BC31-4F32-9DCA-D4F5F9868DFE
2B14243A-B670-4224-B694-71B638269585#appfire#GenderService#appfire#com.app.server.service.GenderService#appfire#{"resourceMapping":"/Gender","defaultMethodType":"","defaultContentType":""}#appfire#{"repository":{"fileName":"GenderService.java","filePath":"testpro/src/main/java/com/app/server/service/GenderService.java"},"implementInterface":[],"extendsClass":[],"repositories":[{"repository":{"fileName":"GenderRepositoryImpl.java","filePath":"testpro/src/main/java/com/app/server/repository/GenderRepositoryImpl.java"},"implementInterface":[{"fileName":"GenderRepository.java","filePath":"testpro/src/main/java/com/app/server/repository/GenderRepository.java"}],"extendsClass":[{"fileName":"SearchInterfaceImpl.java","filePath":"testpro/src/main/java/com/app/server/repository/SearchInterfaceImpl.java","isDisplay":false}],"entities":{"fileName":"Gender.java","filePath":"testpro/src/main/java/com/app/shared/contacts/Gender.java"}}]}#appfire#I#appfire#ZFXGXKLJJBAP6OPSUORG#appfire#A1A4C59B-426C-4BCC-9018-F26D5BF4DF83#appfire#1#appfire#\N#appfire#2016-01-14 12:23:00#appfire#\N#appfire#2016-01-14 12:23:00#appfire#1#appfire#1#appfire#919181BA-1A02-4C4A-9F3A-9F852FB341FC
2C19537B-1803-4AA2-A4CF-84863555FEC2#appfire#CurrencyService#appfire#com.app.server.service.CurrencyService#appfire#{"resourceMapping":"/Currency","defaultMethodType":"","defaultContentType":""}#appfire#{"repository":{"fileName":"CurrencyService.java","filePath":"testpro/src/main/java/com/app/server/service/CurrencyService.java"},"implementInterface":[],"extendsClass":[],"repositories":[{"repository":{"fileName":"CurrencyRepositoryImpl.java","filePath":"testpro/src/main/java/com/app/server/repository/CurrencyRepositoryImpl.java"},"implementInterface":[{"fileName":"CurrencyRepository.java","filePath":"testpro/src/main/java/com/app/server/repository/CurrencyRepository.java"}],"extendsClass":[{"fileName":"SearchInterfaceImpl.java","filePath":"testpro/src/main/java/com/app/server/repository/SearchInterfaceImpl.java","isDisplay":false}],"entities":{"fileName":"Currency.java","filePath":"testpro/src/main/java/com/app/shared/location/Currency.java"}}]}#appfire#I#appfire#ZFXGXKLJJBAP6OPSUORG#appfire#A1A4C59B-426C-4BCC-9018-F26D5BF4DF83#appfire#1#appfire#\N#appfire#2016-01-14 12:22:42#appfire#\N#appfire#2016-01-14 12:22:42#appfire#1#appfire#1#appfire#313E8FD1-4591-4F16-B31F-EE509FB6CA9D
40069161-10B4-4628-A51F-7554B88917A1#appfire#CityService#appfire#com.app.server.service.CityService#appfire#{"resourceMapping":"/City","defaultMethodType":"","defaultContentType":""}#appfire#{"repository":{"fileName":"CityService.java","filePath":"testpro/src/main/java/com/app/server/service/CityService.java"},"implementInterface":[],"extendsClass":[],"repositories":[{"repository":{"fileName":"CityRepositoryImpl.java","filePath":"testpro/src/main/java/com/app/server/repository/CityRepositoryImpl.java"},"implementInterface":[{"fileName":"CityRepository.java","filePath":"testpro/src/main/java/com/app/server/repository/CityRepository.java"}],"extendsClass":[{"fileName":"SearchInterfaceImpl.java","filePath":"testpro/src/main/java/com/app/server/repository/SearchInterfaceImpl.java","isDisplay":false}],"entities":{"fileName":"City.java","filePath":"testpro/src/main/java/com/app/shared/location/City.java"}}]}#appfire#I#appfire#ZFXGXKLJJBAP6OPSUORG#appfire#A1A4C59B-426C-4BCC-9018-F26D5BF4DF83#appfire#1#appfire#\N#appfire#2016-01-14 12:22:47#appfire#\N#appfire#2016-01-14 12:22:47#appfire#1#appfire#1#appfire#AF0943BF-6952-4F84-AC79-867EA0B8BAB3
6633C2C4-7FF7-408B-92A1-C8E4674F2D8F#appfire#AppCustomerTypeService#appfire#com.app.server.service.AppCustomerTypeService#appfire#{"resourceMapping":"/AppCustomerType","defaultMethodType":"","defaultContentType":""}#appfire#{"repository":{"fileName":"AppCustomerTypeService.java","filePath":"testpro/src/main/java/com/app/server/service/AppCustomerTypeService.java"},"implementInterface":[],"extendsClass":[],"repositories":[{"repository":{"fileName":"AppCustomerTypeRepositoryImpl.java","filePath":"testpro/src/main/java/com/app/server/repository/AppCustomerTypeRepositoryImpl.java"},"implementInterface":[{"fileName":"AppCustomerTypeRepository.java","filePath":"testpro/src/main/java/com/app/server/repository/AppCustomerTypeRepository.java"}],"extendsClass":[{"fileName":"SearchInterfaceImpl.java","filePath":"testpro/src/main/java/com/app/server/repository/SearchInterfaceImpl.java","isDisplay":false}],"entities":{"fileName":"AppCustomerType.java","filePath":"testpro/src/main/java/com/app/shared/customers/AppCustomerType.java"}}]}#appfire#I#appfire#ZFXGXKLJJBAP6OPSUORG#appfire#A1A4C59B-426C-4BCC-9018-F26D5BF4DF83#appfire#1#appfire#\N#appfire#2016-01-14 12:23:33#appfire#\N#appfire#2016-01-14 12:23:33#appfire#1#appfire#1#appfire#59845CF1-F190-4E9F-855E-4D9F62B5E2F2
6CC41566-5340-4BB5-8D18-1A8D068790EB#appfire#CountryService#appfire#com.app.server.service.CountryService#appfire#{"resourceMapping":"/Country","defaultMethodType":"","defaultContentType":""}#appfire#{"repository":{"fileName":"CountryService.java","filePath":"testpro/src/main/java/com/app/server/service/CountryService.java"},"implementInterface":[],"extendsClass":[],"repositories":[{"repository":{"fileName":"CountryRepositoryImpl.java","filePath":"testpro/src/main/java/com/app/server/repository/CountryRepositoryImpl.java"},"implementInterface":[{"fileName":"CountryRepository.java","filePath":"testpro/src/main/java/com/app/server/repository/CountryRepository.java"}],"extendsClass":[{"fileName":"SearchInterfaceImpl.java","filePath":"testpro/src/main/java/com/app/server/repository/SearchInterfaceImpl.java","isDisplay":false}],"entities":{"fileName":"Country.java","filePath":"testpro/src/main/java/com/app/shared/location/Country.java"}}]}#appfire#I#appfire#ZFXGXKLJJBAP6OPSUORG#appfire#A1A4C59B-426C-4BCC-9018-F26D5BF4DF83#appfire#1#appfire#\N#appfire#2016-01-14 12:22:41#appfire#\N#appfire#2016-01-14 12:22:41#appfire#1#appfire#1#appfire#AC49B75D-6BFC-44BE-B9A7-A30B95CBFBDC
74F810B1-D2D6-43AA-BD83-C8AA5F1B37F6#appfire#CommunicationGroupService#appfire#com.app.server.service.CommunicationGroupService#appfire#{"resourceMapping":"/CommunicationGroup","defaultMethodType":"","defaultContentType":""}#appfire#{"repository":{"fileName":"CommunicationGroupService.java","filePath":"testpro/src/main/java/com/app/server/service/CommunicationGroupService.java"},"implementInterface":[],"extendsClass":[],"repositories":[{"repository":{"fileName":"CommunicationGroupRepositoryImpl.java","filePath":"testpro/src/main/java/com/app/server/repository/CommunicationGroupRepositoryImpl.java"},"implementInterface":[{"fileName":"CommunicationGroupRepository.java","filePath":"testpro/src/main/java/com/app/server/repository/CommunicationGroupRepository.java"}],"extendsClass":[{"fileName":"SearchInterfaceImpl.java","filePath":"testpro/src/main/java/com/app/server/repository/SearchInterfaceImpl.java","isDisplay":false}],"entities":{"fileName":"CommunicationGroup.java","filePath":"testpro/src/main/java/com/app/shared/contacts/CommunicationGroup.java"}}]}#appfire#I#appfire#ZFXGXKLJJBAP6OPSUORG#appfire#A1A4C59B-426C-4BCC-9018-F26D5BF4DF83#appfire#1#appfire#\N#appfire#2016-01-14 12:22:58#appfire#\N#appfire#2016-01-14 12:22:58#appfire#1#appfire#1#appfire#6E35E9BA-285F-42CA-AE81-E4F4647F23EB
75BC6759-8B7D-4DC9-B1B3-D2474C623818#appfire#CoreContactsService#appfire#com.app.server.service.CoreContactsService#appfire#{"resourceMapping":"/CoreContacts","defaultMethodType":"","defaultContentType":""}#appfire#{"repository":{"fileName":"CoreContactsService.java","filePath":"testpro/src/main/java/com/app/server/service/CoreContactsService.java"},"implementInterface":[],"extendsClass":[],"repositories":[{"repository":{"fileName":"CoreContactsRepositoryImpl.java","filePath":"testpro/src/main/java/com/app/server/repository/CoreContactsRepositoryImpl.java"},"implementInterface":[{"fileName":"CoreContactsRepository.java","filePath":"testpro/src/main/java/com/app/server/repository/CoreContactsRepository.java"}],"extendsClass":[{"fileName":"SearchInterfaceImpl.java","filePath":"testpro/src/main/java/com/app/server/repository/SearchInterfaceImpl.java","isDisplay":false}],"entities":{"fileName":"CoreContacts.java","filePath":"testpro/src/main/java/com/app/shared/contacts/CoreContacts.java"}}]}#appfire#I#appfire#ZFXGXKLJJBAP6OPSUORG#appfire#A1A4C59B-426C-4BCC-9018-F26D5BF4DF83#appfire#1#appfire#\N#appfire#2016-01-14 12:23:03#appfire#\N#appfire#2016-01-14 12:23:03#appfire#1#appfire#1#appfire#05A04C4F-A0B8-420C-9A15-F7CF9F942608
764968CC-B274-49EE-895E-26AF57981FF2#appfire#PasswordAlgoService#appfire#com.app.server.service.PasswordAlgoService#appfire#{"resourceMapping":"/PasswordAlgo","defaultMethodType":"","defaultContentType":""}#appfire#{"repository":{"fileName":"PasswordAlgoService.java","filePath":"testpro/src/main/java/com/app/server/service/PasswordAlgoService.java"},"implementInterface":[],"extendsClass":[],"repositories":[{"repository":{"fileName":"PasswordAlgoRepositoryImpl.java","filePath":"testpro/src/main/java/com/app/server/repository/PasswordAlgoRepositoryImpl.java"},"implementInterface":[{"fileName":"PasswordAlgoRepository.java","filePath":"testpro/src/main/java/com/app/server/repository/PasswordAlgoRepository.java"}],"extendsClass":[{"fileName":"SearchInterfaceImpl.java","filePath":"testpro/src/main/java/com/app/server/repository/SearchInterfaceImpl.java","isDisplay":false}],"entities":{"fileName":"PasswordAlgo.java","filePath":"testpro/src/main/java/com/app/shared/authentication/PasswordAlgo.java"}}]}#appfire#I#appfire#ZFXGXKLJJBAP6OPSUORG#appfire#A1A4C59B-426C-4BCC-9018-F26D5BF4DF83#appfire#1#appfire#\N#appfire#2016-01-14 12:23:08#appfire#\N#appfire#2016-01-14 12:23:08#appfire#1#appfire#1#appfire#54332875-03EC-4C07-A899-88C43AB9A8DD
767B0012-4015-4547-894E-68098EC8078D#appfire#LanguageService#appfire#com.app.server.service.LanguageService#appfire#{"resourceMapping":"/Language","defaultMethodType":"","defaultContentType":""}#appfire#{"repository":{"fileName":"LanguageService.java","filePath":"testpro/src/main/java/com/app/server/service/LanguageService.java"},"implementInterface":[],"extendsClass":[],"repositories":[{"repository":{"fileName":"LanguageRepositoryImpl.java","filePath":"testpro/src/main/java/com/app/server/repository/LanguageRepositoryImpl.java"},"implementInterface":[{"fileName":"LanguageRepository.java","filePath":"testpro/src/main/java/com/app/server/repository/LanguageRepository.java"}],"extendsClass":[{"fileName":"SearchInterfaceImpl.java","filePath":"testpro/src/main/java/com/app/server/repository/SearchInterfaceImpl.java","isDisplay":false}],"entities":{"fileName":"Language.java","filePath":"testpro/src/main/java/com/app/shared/location/Language.java"}}]}#appfire#I#appfire#ZFXGXKLJJBAP6OPSUORG#appfire#A1A4C59B-426C-4BCC-9018-F26D5BF4DF83#appfire#1#appfire#\N#appfire#2016-01-14 12:22:40#appfire#\N#appfire#2016-01-14 12:22:40#appfire#1#appfire#1#appfire#F8FF2BBE-3035-42F8-AF2D-E7FA70696634
7C819E27-36DF-462B-97B0-7BD21D6629D6#appfire#ContactTypeService#appfire#com.app.server.service.ContactTypeService#appfire#{"resourceMapping":"/ContactType","defaultMethodType":"","defaultContentType":""}#appfire#{"repository":{"fileName":"ContactTypeService.java","filePath":"testpro/src/main/java/com/app/server/service/ContactTypeService.java"},"implementInterface":[],"extendsClass":[],"repositories":[{"repository":{"fileName":"ContactTypeRepositoryImpl.java","filePath":"testpro/src/main/java/com/app/server/repository/ContactTypeRepositoryImpl.java"},"implementInterface":[{"fileName":"ContactTypeRepository.java","filePath":"testpro/src/main/java/com/app/server/repository/ContactTypeRepository.java"}],"extendsClass":[{"fileName":"SearchInterfaceImpl.java","filePath":"testpro/src/main/java/com/app/server/repository/SearchInterfaceImpl.java","isDisplay":false}],"entities":{"fileName":"ContactType.java","filePath":"testpro/src/main/java/com/app/shared/contacts/ContactType.java"}}]}#appfire#I#appfire#ZFXGXKLJJBAP6OPSUORG#appfire#A1A4C59B-426C-4BCC-9018-F26D5BF4DF83#appfire#1#appfire#\N#appfire#2016-01-14 12:22:58#appfire#\N#appfire#2016-01-14 12:22:58#appfire#1#appfire#1#appfire#22EC1E8B-A17E-4C78-97CB-5D5A7A5C01BE
920A1795-6578-4689-A963-96FDD7171D33#appfire#UserRoleBridgeService#appfire#com.app.server.service.UserRoleBridgeService#appfire#{"resourceMapping":"/UserRoleBridge","defaultMethodType":"","defaultContentType":""}#appfire#{"repository":{"fileName":"UserRoleBridgeService.java","filePath":"testpro/src/main/java/com/app/server/service/UserRoleBridgeService.java"},"implementInterface":[],"extendsClass":[],"repositories":[{"repository":{"fileName":"UserRoleBridgeRepositoryImpl.java","filePath":"testpro/src/main/java/com/app/server/repository/UserRoleBridgeRepositoryImpl.java"},"implementInterface":[{"fileName":"UserRoleBridgeRepository.java","filePath":"testpro/src/main/java/com/app/server/repository/UserRoleBridgeRepository.java"}],"extendsClass":[{"fileName":"SearchInterfaceImpl.java","filePath":"testpro/src/main/java/com/app/server/repository/SearchInterfaceImpl.java","isDisplay":false}],"entities":{"fileName":"UserRoleBridge.java","filePath":"testpro/src/main/java/com/app/shared/authorization/UserRoleBridge.java"}}]}#appfire#I#appfire#ZFXGXKLJJBAP6OPSUORG#appfire#A1A4C59B-426C-4BCC-9018-F26D5BF4DF83#appfire#1#appfire#\N#appfire#2016-01-14 12:23:32#appfire#\N#appfire#2016-01-14 12:23:32#appfire#1#appfire#1#appfire#30D20E22-958F-4567-9F47-B2B16035CACF
9E8D6AC5-71D3-46B9-AA2A-23F9ACFEBDAF#appfire#VillageService#appfire#com.app.server.service.VillageService#appfire#{"resourceMapping":"/Village","defaultMethodType":"","defaultContentType":""}#appfire#{"repository":{"fileName":"VillageService.java","filePath":"testpro/src/main/java/com/app/server/service/VillageService.java"},"implementInterface":[],"extendsClass":[],"repositories":[{"repository":{"fileName":"VillageRepositoryImpl.java","filePath":"testpro/src/main/java/com/app/server/repository/VillageRepositoryImpl.java"},"implementInterface":[{"fileName":"VillageRepository.java","filePath":"testpro/src/main/java/com/app/server/repository/VillageRepository.java"}],"extendsClass":[{"fileName":"SearchInterfaceImpl.java","filePath":"testpro/src/main/java/com/app/server/repository/SearchInterfaceImpl.java","isDisplay":false}],"entities":{"fileName":"Village.java","filePath":"testpro/src/main/java/com/app/shared/location/Village.java"}}]}#appfire#I#appfire#ZFXGXKLJJBAP6OPSUORG#appfire#A1A4C59B-426C-4BCC-9018-F26D5BF4DF83#appfire#1#appfire#\N#appfire#2016-01-14 12:22:51#appfire#\N#appfire#2016-01-14 12:22:51#appfire#1#appfire#1#appfire#C04F81B1-E8D8-44B7-9936-3680DB2D396E
A499FACF-8333-45CA-8F38-7151BA89D2A4#appfire#TalukaService#appfire#com.app.server.service.TalukaService#appfire#{"resourceMapping":"/Taluka","defaultMethodType":"","defaultContentType":""}#appfire#{"repository":{"fileName":"TalukaService.java","filePath":"testpro/src/main/java/com/app/server/service/TalukaService.java"},"implementInterface":[],"extendsClass":[],"repositories":[{"repository":{"fileName":"TalukaRepositoryImpl.java","filePath":"testpro/src/main/java/com/app/server/repository/TalukaRepositoryImpl.java"},"implementInterface":[{"fileName":"TalukaRepository.java","filePath":"testpro/src/main/java/com/app/server/repository/TalukaRepository.java"}],"extendsClass":[{"fileName":"SearchInterfaceImpl.java","filePath":"testpro/src/main/java/com/app/server/repository/SearchInterfaceImpl.java","isDisplay":false}],"entities":{"fileName":"Taluka.java","filePath":"testpro/src/main/java/com/app/shared/location/Taluka.java"}}]}#appfire#I#appfire#ZFXGXKLJJBAP6OPSUORG#appfire#A1A4C59B-426C-4BCC-9018-F26D5BF4DF83#appfire#1#appfire#\N#appfire#2016-01-14 12:22:49#appfire#\N#appfire#2016-01-14 12:22:49#appfire#1#appfire#1#appfire#E7BC43CA-7465-4F90-B005-1228A8044BCD
BBD476A9-67C6-4647-BCD3-A249777B1FD8#appfire#QuestionService#appfire#com.app.server.service.QuestionService#appfire#{"resourceMapping":"/Question","defaultMethodType":"","defaultContentType":""}#appfire#{"repository":{"fileName":"QuestionService.java","filePath":"testpro/src/main/java/com/app/server/service/QuestionService.java"},"implementInterface":[],"extendsClass":[],"repositories":[{"repository":{"fileName":"QuestionRepositoryImpl.java","filePath":"testpro/src/main/java/com/app/server/repository/QuestionRepositoryImpl.java"},"implementInterface":[{"fileName":"QuestionRepository.java","filePath":"testpro/src/main/java/com/app/server/repository/QuestionRepository.java"}],"extendsClass":[{"fileName":"SearchInterfaceImpl.java","filePath":"testpro/src/main/java/com/app/server/repository/SearchInterfaceImpl.java","isDisplay":false}],"entities":{"fileName":"Question.java","filePath":"testpro/src/main/java/com/app/shared/authentication/Question.java"}}]}#appfire#I#appfire#ZFXGXKLJJBAP6OPSUORG#appfire#A1A4C59B-426C-4BCC-9018-F26D5BF4DF83#appfire#1#appfire#\N#appfire#2016-01-14 12:23:09#appfire#\N#appfire#2016-01-14 12:23:09#appfire#1#appfire#1#appfire#151EAFD9-8BF8-4BE9-8349-AEBD0AB802D3
C0E0832F-847C-4455-AFC7-97D9ADDCBAF5#appfire#TestEntityService#appfire#com.app.server.service.TestEntityService#appfire#{"resourceMapping":"/TestEntity","defaultMethodType":"","defaultContentType":""}#appfire#{"repository":{"fileName":"TestEntityService.java","filePath":"testpro/src/main/java/com/app/server/service/TestEntityService.java"},"implementInterface":[],"extendsClass":[],"repositories":[{"repository":{"fileName":"TestEntityRepositoryImpl.java","filePath":"testpro/src/main/java/com/app/server/repository/TestEntityRepositoryImpl.java"},"implementInterface":[{"fileName":"TestEntityRepository.java","filePath":"testpro/src/main/java/com/app/server/repository/TestEntityRepository.java"}],"extendsClass":[{"fileName":"SearchInterfaceImpl.java","filePath":"testpro/src/main/java/com/app/server/repository/SearchInterfaceImpl.java","isDisplay":false}],"entities":{"fileName":"TestEntity.java","filePath":"testpro/src/main/java/com/app/shared/defaultdomain/TestEntity.java"}}]}#appfire#I#appfire#ZFXGXKLJJBAP6OPSUORG#appfire#A1A4C59B-426C-4BCC-9018-F26D5BF4DF83#appfire#1#appfire#\N#appfire#2016-01-14 12:32:34#appfire#\N#appfire#2016-01-14 12:32:34#appfire#1#appfire#1#appfire#F16E7CB4-535E-4D4B-81B0-77609508EE06
C9E497E5-5B9B-461F-87D5-D804164FFFBD#appfire#UserAccessLevelService#appfire#com.app.server.service.UserAccessLevelService#appfire#{"resourceMapping":"/UserAccessLevel","defaultMethodType":"","defaultContentType":""}#appfire#{"repository":{"fileName":"UserAccessLevelService.java","filePath":"testpro/src/main/java/com/app/server/service/UserAccessLevelService.java"},"implementInterface":[],"extendsClass":[],"repositories":[{"repository":{"fileName":"UserAccessLevelRepositoryImpl.java","filePath":"testpro/src/main/java/com/app/server/repository/UserAccessLevelRepositoryImpl.java"},"implementInterface":[{"fileName":"UserAccessLevelRepository.java","filePath":"testpro/src/main/java/com/app/server/repository/UserAccessLevelRepository.java"}],"extendsClass":[{"fileName":"SearchInterfaceImpl.java","filePath":"testpro/src/main/java/com/app/server/repository/SearchInterfaceImpl.java","isDisplay":false}],"entities":{"fileName":"UserAccessLevel.java","filePath":"testpro/src/main/java/com/app/shared/authentication/UserAccessLevel.java"}}]}#appfire#I#appfire#ZFXGXKLJJBAP6OPSUORG#appfire#A1A4C59B-426C-4BCC-9018-F26D5BF4DF83#appfire#1#appfire#\N#appfire#2016-01-14 12:23:10#appfire#\N#appfire#2016-01-14 12:23:10#appfire#1#appfire#1#appfire#154F7D82-3041-4420-8CCE-7930FA4CB287
DE37F9F0-1066-4A3E-B2F0-B4127B2A243B#appfire#RegionService#appfire#com.app.server.service.RegionService#appfire#{"resourceMapping":"/Region","defaultMethodType":"","defaultContentType":""}#appfire#{"repository":{"fileName":"RegionService.java","filePath":"testpro/src/main/java/com/app/server/service/RegionService.java"},"implementInterface":[],"extendsClass":[],"repositories":[{"repository":{"fileName":"RegionRepositoryImpl.java","filePath":"testpro/src/main/java/com/app/server/repository/RegionRepositoryImpl.java"},"implementInterface":[{"fileName":"RegionRepository.java","filePath":"testpro/src/main/java/com/app/server/repository/RegionRepository.java"}],"extendsClass":[{"fileName":"SearchInterfaceImpl.java","filePath":"testpro/src/main/java/com/app/server/repository/SearchInterfaceImpl.java","isDisplay":false}],"entities":{"fileName":"Region.java","filePath":"testpro/src/main/java/com/app/shared/location/Region.java"}}]}#appfire#I#appfire#ZFXGXKLJJBAP6OPSUORG#appfire#A1A4C59B-426C-4BCC-9018-F26D5BF4DF83#appfire#1#appfire#\N#appfire#2016-01-14 12:22:44#appfire#\N#appfire#2016-01-14 12:22:44#appfire#1#appfire#1#appfire#A9915CCA-CAC4-401F-9B0C-BB958555A24A
DE6991F7-65C0-4CAA-9EDD-B7DCAF642368#appfire#AppCustomerService#appfire#com.app.server.service.AppCustomerService#appfire#{"resourceMapping":"/AppCustomer","defaultMethodType":"","defaultContentType":""}#appfire#{"repository":{"fileName":"AppCustomerService.java","filePath":"testpro/src/main/java/com/app/server/service/AppCustomerService.java"},"implementInterface":[],"extendsClass":[],"repositories":[{"repository":{"fileName":"AppCustomerRepositoryImpl.java","filePath":"testpro/src/main/java/com/app/server/repository/AppCustomerRepositoryImpl.java"},"implementInterface":[{"fileName":"AppCustomerRepository.java","filePath":"testpro/src/main/java/com/app/server/repository/AppCustomerRepository.java"}],"extendsClass":[{"fileName":"SearchInterfaceImpl.java","filePath":"testpro/src/main/java/com/app/server/repository/SearchInterfaceImpl.java","isDisplay":false}],"entities":{"fileName":"AppCustomer.java","filePath":"testpro/src/main/java/com/app/shared/customers/AppCustomer.java"}}]}#appfire#I#appfire#ZFXGXKLJJBAP6OPSUORG#appfire#A1A4C59B-426C-4BCC-9018-F26D5BF4DF83#appfire#1#appfire#\N#appfire#2016-01-14 12:23:35#appfire#\N#appfire#2016-01-14 12:23:35#appfire#1#appfire#1#appfire#18BD7786-E097-4FFD-85F5-2CF97FF8DCDF
E59B8BD5-B00F-402E-8B64-31059A20A1BB#appfire#AppMenusService#appfire#com.app.server.service.AppMenusService#appfire#{"resourceMapping":"/AppMenus","defaultMethodType":"","defaultContentType":""}#appfire#{"repository":{"fileName":"AppMenusService.java","filePath":"testpro/src/main/java/com/app/server/service/AppMenusService.java"},"implementInterface":[],"extendsClass":[],"repositories":[{"repository":{"fileName":"AppMenusRepositoryImpl.java","filePath":"testpro/src/main/java/com/app/server/repository/AppMenusRepositoryImpl.java"},"implementInterface":[{"fileName":"AppMenusRepository.java","filePath":"testpro/src/main/java/com/app/server/repository/AppMenusRepository.java"}],"extendsClass":[{"fileName":"SearchInterfaceImpl.java","filePath":"testpro/src/main/java/com/app/server/repository/SearchInterfaceImpl.java","isDisplay":false}],"entities":{"fileName":"AppMenus.java","filePath":"testpro/src/main/java/com/app/shared/authorization/AppMenus.java"}}]}#appfire#I#appfire#ZFXGXKLJJBAP6OPSUORG#appfire#A1A4C59B-426C-4BCC-9018-F26D5BF4DF83#appfire#1#appfire#\N#appfire#2016-01-14 12:23:29#appfire#\N#appfire#2016-01-14 12:23:29#appfire#1#appfire#1#appfire#094050EF-9DA8-4A6D-A710-8853E37AA694
EFE67824-D78B-427B-9946-620172E85AD5#appfire#UserAccessDomainService#appfire#com.app.server.service.UserAccessDomainService#appfire#{"resourceMapping":"/UserAccessDomain","defaultMethodType":"","defaultContentType":""}#appfire#{"repository":{"fileName":"UserAccessDomainService.java","filePath":"testpro/src/main/java/com/app/server/service/UserAccessDomainService.java"},"implementInterface":[],"extendsClass":[],"repositories":[{"repository":{"fileName":"UserAccessDomainRepositoryImpl.java","filePath":"testpro/src/main/java/com/app/server/repository/UserAccessDomainRepositoryImpl.java"},"implementInterface":[{"fileName":"UserAccessDomainRepository.java","filePath":"testpro/src/main/java/com/app/server/repository/UserAccessDomainRepository.java"}],"extendsClass":[{"fileName":"SearchInterfaceImpl.java","filePath":"testpro/src/main/java/com/app/server/repository/SearchInterfaceImpl.java","isDisplay":false}],"entities":{"fileName":"UserAccessDomain.java","filePath":"testpro/src/main/java/com/app/shared/authentication/UserAccessDomain.java"}}]}#appfire#I#appfire#ZFXGXKLJJBAP6OPSUORG#appfire#A1A4C59B-426C-4BCC-9018-F26D5BF4DF83#appfire#1#appfire#\N#appfire#2016-01-14 12:23:10#appfire#\N#appfire#2016-01-14 12:23:10#appfire#1#appfire#1#appfire#703CE50E-3C86-4883-9567-7A5B29703E06
F3FFB4AC-8570-4E14-B08F-32250F83D15F#appfire#AddressService#appfire#com.app.server.service.AddressService#appfire#{"resourceMapping":"/Address","defaultMethodType":"","defaultContentType":""}#appfire#{"repository":{"fileName":"AddressService.java","filePath":"testpro/src/main/java/com/app/server/service/AddressService.java"},"implementInterface":[],"extendsClass":[],"repositories":[{"repository":{"fileName":"AddressRepositoryImpl.java","filePath":"testpro/src/main/java/com/app/server/repository/AddressRepositoryImpl.java"},"implementInterface":[{"fileName":"AddressRepository.java","filePath":"testpro/src/main/java/com/app/server/repository/AddressRepository.java"}],"extendsClass":[{"fileName":"SearchInterfaceImpl.java","filePath":"testpro/src/main/java/com/app/server/repository/SearchInterfaceImpl.java","isDisplay":false}],"entities":{"fileName":"Address.java","filePath":"testpro/src/main/java/com/app/shared/location/Address.java"}}]}#appfire#I#appfire#ZFXGXKLJJBAP6OPSUORG#appfire#A1A4C59B-426C-4BCC-9018-F26D5BF4DF83#appfire#1#appfire#\N#appfire#2016-01-14 12:22:55#appfire#\N#appfire#2016-01-14 12:22:55#appfire#1#appfire#1#appfire#334970E0-85CA-456E-8E83-657FC237A5A5
F9AE792E-D434-4FF9-9B09-29E4A97AF4B6#appfire#StateService#appfire#com.app.server.service.StateService#appfire#{"resourceMapping":"/State","defaultMethodType":"","defaultContentType":""}#appfire#{"repository":{"fileName":"StateService.java","filePath":"testpro/src/main/java/com/app/server/service/StateService.java"},"implementInterface":[],"extendsClass":[],"repositories":[{"repository":{"fileName":"StateRepositoryImpl.java","filePath":"testpro/src/main/java/com/app/server/repository/StateRepositoryImpl.java"},"implementInterface":[{"fileName":"StateRepository.java","filePath":"testpro/src/main/java/com/app/server/repository/StateRepository.java"}],"extendsClass":[{"fileName":"SearchInterfaceImpl.java","filePath":"testpro/src/main/java/com/app/server/repository/SearchInterfaceImpl.java","isDisplay":false}],"entities":{"fileName":"State.java","filePath":"testpro/src/main/java/com/app/shared/location/State.java"}}]}#appfire#I#appfire#ZFXGXKLJJBAP6OPSUORG#appfire#A1A4C59B-426C-4BCC-9018-F26D5BF4DF83#appfire#1#appfire#\N#appfire#2016-01-14 12:22:43#appfire#\N#appfire#2016-01-14 12:22:43#appfire#1#appfire#1#appfire#7D8DAF71-F1E5-450F-A2B6-AE6E88E12B84
FE5D5AD0-F3DD-49D7-B8ED-61D3ABFC0A8C#appfire#AddressTypeService#appfire#com.app.server.service.AddressTypeService#appfire#{"resourceMapping":"/AddressType","defaultMethodType":"","defaultContentType":""}#appfire#{"repository":{"fileName":"AddressTypeService.java","filePath":"testpro/src/main/java/com/app/server/service/AddressTypeService.java"},"implementInterface":[],"extendsClass":[],"repositories":[{"repository":{"fileName":"AddressTypeRepositoryImpl.java","filePath":"testpro/src/main/java/com/app/server/repository/AddressTypeRepositoryImpl.java"},"implementInterface":[{"fileName":"AddressTypeRepository.java","filePath":"testpro/src/main/java/com/app/server/repository/AddressTypeRepository.java"}],"extendsClass":[{"fileName":"SearchInterfaceImpl.java","filePath":"testpro/src/main/java/com/app/server/repository/SearchInterfaceImpl.java","isDisplay":false}],"entities":{"fileName":"AddressType.java","filePath":"testpro/src/main/java/com/app/shared/location/AddressType.java"}}]}#appfire#I#appfire#ZFXGXKLJJBAP6OPSUORG#appfire#A1A4C59B-426C-4BCC-9018-F26D5BF4DF83#appfire#1#appfire#\N#appfire#2016-01-14 12:22:54#appfire#\N#appfire#2016-01-14 12:22:54#appfire#1#appfire#1#appfire#45C196B6-6C75-4330-92EA-31FB7569FD2A
