190CE0AA-0DC3-4452-BABB-D639918E12AE#appfire#select e from SessionData e where e.systemInfo.activeStatus=1 and e.appSessionId=:appSessionId and e.sessionKey =:sessionKey#appfire#1#appfire#\N#appfire#findBySessionKey#appfire#FINDBYSESSIONKEY#appfire#\N#appfire#Q4J5ZQEQ8YIBNQ1HMAU7W#appfire#1#appfire#0#appfire#2016-03-21 14:52:26.0#appfire#0#appfire#2016-03-21 14:52:26.0#appfire#0#appfire#1#appfire#\N#appfire#0#appfirenewline#299C3090-A299-424D-A07B-BF0040E24E19#appfire#SELECT CONCAT(login.coreContacts.firstName, ' : ', abcRequestDetails.ipAddress,  ' : ' , abcRequestDetails.requestId, ' : ',abcRequestDetails.appSessionId ) AS login_corecontacts_firstname,abcRequestDetails.requestId,abcRequestDetails.className,abcRequestDetails.requestTime,abcRequestDetails.requestMethod,abcRequestDetails.httpStatus,abcRequestDetails.returnStatus,abcRequestDetails.executionTime,abcRequestDetails.methodName,abcRequestDetails.startTime,abcRequestDetails.endTime,abcRequestDetails.typeofClass,abcRequestDetails.callSeqId,abcRequestDetails.exceptionId,abcRequestDetails.userId,abcRequestDetails.appSessionId FROM ZenRequestDetails AS abcRequestDetails LEFT OUTER JOIN Login AS login  WHERE    login.user.userId = abcRequestDetails.userId   AND abcRequestDetails.requestTime >= :requestTime   AND abcRequestDetails.requestTime <= :updatedDate  ORDER BY  abcRequestDetails.requestTime DESC ,abcRequestDetails.requestId, abcRequestDetails.callSeqId ASC#appfire#2#appfire#{"where":[{},{"_connIndex":"486986mm-8805-4114-0878-9dn5a9365bd4","_parentIndex":"isWhereRoot","left":{"name":"userId","value":"login.user.userId","valueType":1,"dataType":"VARCHAR","displayName":"User Id","widget":"textfield","alias":"User","placeHolder":"userId","fieldType":"isReference","entConfig":{"name":"User","id":"183ACAE3-FF78-416C-887D-A2D48440B9ED","type":"T","alias":"login.user","initParentAlias":"login","relationType":"11","isEntity":true},"fieldConfig":{"fieldName":"userId","name":"userId","initParentAlias":"login","alias":"login.user.userId","displayName":"User Id","fieldType":"java.lang.String","dataType":"VARCHAR","xtype":"textfield","fieldSize":"64","isPKey":true}},"operator":"=","right":{"name":"userId","value":"abcRequestDetails.userId","valueType":1,"dataType":"VARCHAR","displayName":"userId","widget":"textfield","alias":"AbcRequestDetails","placeHolder":"userId","fieldType":"isReference","entConfig":{"name":"AbcRequestDetails","id":"87DC1ECD-00B5-470C-B928-8D202E16AD08","type":"M","alias":"abcRequestDetails","initParentAlias":"abcRequestDetails"},"fieldConfig":{"fieldName":"userId","name":"userId","initParentAlias":"abcRequestDetails","alias":"abcRequestDetails.userId","displayName":"userId","fieldType":"java.lang.String","dataType":"VARCHAR","xtype":"textfield","fieldSize":"45","isPKey":false}}},{"relation":"AND"},{"_connIndex":"dnm22ab9-am06-4d42-bd38-36cc67c3bcm2","_parentIndex":"isWhereRoot","left":{"name":"requestTime","value":"abcRequestDetails.requestTime","valueType":1,"dataType":"DATETIME","displayName":"Request Time","widget":"datefield","alias":"AbcRequestDetails","placeHolder":"requestTime","fieldType":"isReference","entConfig":{"name":"AbcRequestDetails","id":"87DC1ECD-00B5-470C-B928-8D202E16AD08","type":"M","alias":"abcRequestDetails","initParentAlias":"abcRequestDetails"},"fieldConfig":{"fieldName":"requestTime","name":"requestTime","initParentAlias":"abcRequestDetails","alias":"abcRequestDetails.requestTime","displayName":"Request Time","fieldType":"java.sql.Timestamp","dataType":"DATETIME","xtype":"datefield","fieldSize":"","isPKey":false}},"operator":">=","right":{"name":"requestTime","value":":requestTime","valueType":2,"dataType":"DATETIME","displayName":"Request Time","widget":"datefield","alias":"AbcRequestDetails","placeHolder":"requestTime","fieldType":"isDynamic","entConfig":{"name":"AbcRequestDetails","id":"87DC1ECD-00B5-470C-B928-8D202E16AD08","type":"M","alias":"abcRequestDetails","initParentAlias":"abcRequestDetails"},"fieldConfig":{"fieldName":"requestTime","name":"requestTime","initParentAlias":"abcRequestDetails","alias":"abcRequestDetails.requestTime","displayName":"Request Time","fieldType":"java.sql.Timestamp","dataType":"DATETIME","xtype":"datefield","fieldSize":"","isPKey":false}}},{"relation":"AND"},{"_connIndex":"0m05c4a5-86ca-4398-174c-1902c170a69a","_parentIndex":"isWhereRoot","left":{"name":"requestTime","value":"abcRequestDetails.requestTime","valueType":1,"dataType":"DATETIME","displayName":"Request Time","widget":"datefield","alias":"AbcRequestDetails","placeHolder":"requestTime","fieldType":"isReference","entConfig":{"name":"AbcRequestDetails","id":"87DC1ECD-00B5-470C-B928-8D202E16AD08","type":"M","alias":"abcRequestDetails","initParentAlias":"abcRequestDetails"},"fieldConfig":{"fieldName":"requestTime","name":"requestTime","initParentAlias":"abcRequestDetails","alias":"abcRequestDetails.requestTime","displayName":"Request Time","fieldType":"java.sql.Timestamp","dataType":"DATETIME","xtype":"datefield","fieldSize":"","isPKey":false}},"operator":"<=","right":{"name":"updatedDate","value":":updatedDate","valueType":2,"dataType":"DATETIME","displayName":"updatedDate","widget":"datefield","alias":"entityAudit","placeHolder":"updatedDate","fieldType":"isDynamic","entConfig":{"name":"entityAudit","displayName":"entityAudit","id":"B3487937-37D4-481F-A5C8-E069EFE1ADC608504900113983522","type":"M","alias":"entityAudit","initParentAlias":"abcRequestDetails","parentAlias":"abcRequestDetails"},"fieldConfig":{"fieldName":"updatedDate","name":"updatedDate","initParentAlias":"abcRequestDetails","alias":"abcRequestDetails.entityAudit.updatedDate","displayName":"updatedDate","fieldType":"java.sql.Timestamp","dataType":"DATETIME","xtype":"datefield","fieldSize":"","isPKey":false}}}],"fields":[{"fieldName":"login_corecontacts_firstname","name":"login_corecontacts_firstname","initParentAlias":"login","alias":"login.coreContacts.firstName","displayName":"First Name","fieldType":"java.lang.String","dataType":"VARCHAR","xtype":"textfield","fieldSize":"256","isPKey":false,"customFieldName":"login_corecontacts_firstname","aggregate":"CONCAT"},{"fieldName":"requestId","name":"requestId","initParentAlias":"abcRequestDetails","alias":"abcRequestDetails.requestId","displayName":"Request Id","fieldType":"java.lang.String","dataType":"VARCHAR","xtype":"textfield","fieldSize":"46","isPKey":true},{"fieldName":"className","name":"className","initParentAlias":"abcRequestDetails","alias":"abcRequestDetails.className","displayName":"Class Name","fieldType":"java.lang.String","dataType":"VARCHAR","xtype":"textfield","fieldSize":"150","isPKey":false},{"fieldName":"requestTime","name":"requestTime","initParentAlias":"abcRequestDetails","alias":"abcRequestDetails.requestTime","displayName":"Request Time","fieldType":"java.sql.Timestamp","dataType":"DATETIME","xtype":"datefield","fieldSize":"","isPKey":false},{"fieldName":"requestMethod","name":"requestMethod","initParentAlias":"abcRequestDetails","alias":"abcRequestDetails.requestMethod","displayName":"Request Method","fieldType":"java.lang.String","dataType":"VARCHAR","xtype":"textfield","fieldSize":"45","isPKey":false},{"fieldName":"httpStatus","name":"httpStatus","initParentAlias":"abcRequestDetails","alias":"abcRequestDetails.httpStatus","displayName":"Http Status","fieldType":"java.lang.String","dataType":"VARCHAR","xtype":"textfield","fieldSize":"45","isPKey":false},{"fieldName":"returnStatus","name":"returnStatus","initParentAlias":"abcRequestDetails","alias":"abcRequestDetails.returnStatus","displayName":"Return Status","fieldType":"java.lang.String","dataType":"VARCHAR","xtype":"textfield","fieldSize":"45","isPKey":false},{"fieldName":"executionTime","name":"executionTime","initParentAlias":"abcRequestDetails","alias":"abcRequestDetails.executionTime","displayName":"Execution Time","fieldType":"java.lang.Double","dataType":"DOUBLE","xtype":"numberfield","fieldSize":"21,2","isPKey":false},{"fieldName":"methodName","name":"methodName","initParentAlias":"abcRequestDetails","alias":"abcRequestDetails.methodName","displayName":"Method Name","fieldType":"java.lang.String","dataType":"VARCHAR","xtype":"textfield","fieldSize":"45","isPKey":false},{"fieldName":"startTime","name":"startTime","initParentAlias":"abcRequestDetails","alias":"abcRequestDetails.startTime","displayName":"Start Time","fieldType":"java.sql.Timestamp","dataType":"DATETIME","xtype":"datefield","fieldSize":"","isPKey":false},{"fieldName":"endTime","name":"endTime","initParentAlias":"abcRequestDetails","alias":"abcRequestDetails.endTime","displayName":"End Time","fieldType":"java.sql.Timestamp","dataType":"DATETIME","xtype":"datefield","fieldSize":"","isPKey":false},{"fieldName":"typeofClass","name":"typeofClass","initParentAlias":"abcRequestDetails","alias":"abcRequestDetails.typeofClass","displayName":"Type Of Class","fieldType":"java.lang.String","dataType":"VARCHAR","xtype":"textfield","fieldSize":"11","isPKey":false},{"fieldName":"callSeqId","name":"callSeqId","initParentAlias":"abcRequestDetails","alias":"abcRequestDetails.callSeqId","displayName":"callSeqId","fieldType":"java.lang.Integer","dataType":"INT","xtype":"numberfield","fieldSize":"10","isPKey":false},{"fieldName":"exceptionId","name":"exceptionId","initParentAlias":"abcRequestDetails","alias":"abcRequestDetails.exceptionId","displayName":"exceptionId","fieldType":"java.lang.Integer","dataType":"INT","xtype":"numberfield","fieldSize":"10","isPKey":false},{"fieldName":"userId","name":"userId","initParentAlias":"abcRequestDetails","alias":"abcRequestDetails.userId","displayName":"userId","fieldType":"java.lang.String","dataType":"VARCHAR","xtype":"textfield","fieldSize":"45","isPKey":false},{"fieldName":"appSessionId","name":"appSessionId","initParentAlias":"abcRequestDetails","alias":"abcRequestDetails.appSessionId","displayName":"App Session Id","fieldType":"java.lang.String","dataType":"VARCHAR","xtype":"textfield","fieldSize":"45","isPKey":false}],"inputParams":[{"dataType":"DATETIME","placeHolder":"requestTime","alias":"abcRequestDetails.requestTime","fieldType":"java.sql.Timestamp"},{"dataType":"DATETIME","placeHolder":"updatedDate","alias":"abcRequestDetails.entityAudit.updatedDate","fieldType":"java.sql.Timestamp"}],"joinCondition":[{"_joinId":"8mc11138-c2a0-4b6n-aad5-cccb06c871cn","_uuID":"8mc11138-c2a0-4b6n-aad5-cccb06c871cn","left":{"name":"AbcRequestDetails","id":"87DC1ECD-00B5-470C-B928-8D202E16AD08","type":"M","alias":"abcRequestDetails","initParentAlias":"abcRequestDetails"},"operator":"LEFT OUTER JOIN","right":{"name":"Login","id":"66B6B49B-FD9E-4AB5-8B2A-B5EDA63E627D","type":"T","alias":"login","initParentAlias":"login"},"isJoin":true}]}#appfire#Request Details#appfire#REQUEST DETAILS#appfire#6C5C7AE1-F0E5-41FB-952B-50F4E45504C7#appfire#Q4J5ZQEQ8YIBNQ1HMAU7W#appfire#1#appfire#0#appfire#2016-03-21 14:52:26.0#appfire#0#appfire#2016-03-21 14:52:26.0#appfire#0#appfire#1#appfire#\N#appfire#0#appfirenewline#2BE60BC0-7CD7-4060-ABD1-C58ADDDD050F#appfire#SELECT u FROM Login u WHERE u.systemInfo.activeStatus=1 AND u.user.userId IN (SELECT ub.userId FROM UserRoleBridge ub)#appfire#1#appfire#\N#appfire#findMappedUser#appfire#FINDMAPPEDUSER#appfire#6C5C7AE1-F0E5-41FB-952B-50F4E45504C7#appfire#Q4J5ZQEQ8YIBNQ1HMAU7W#appfire#1#appfire#0#appfire#2016-03-21 14:52:26.0#appfire#0#appfire#2016-03-21 14:52:26.0#appfire#0#appfire#1#appfire#\N#appfire#0#appfirenewline#2D796A09-C30E-4C8A-BE24-7038E23BBC81#appfire#SELECT zenHealthStatus.healthId,zenHealthStatus.scheduledDateTime,zenHealthStatus.serverInstanceId,zenHealthStatus.serverIpAddress, FUNCTION('ROUND',100 - (zenHealthStatus.usedSpace/zenHealthStatus.totalSpace )* 100) AS freeSpace, FUNCTION('ROUND',(zenHealthStatus.usedSpace/zenHealthStatus.totalSpace )* 100 ) AS usedSpace, FUNCTION('ROUND',(zenHealthStatus.totalSpace/1024)/1024) AS totalSpace, zenHealthStatus.status FROM ZenHealthStatus AS zenHealthStatus ORDER BY zenHealthStatus.scheduledDateTime DESC#appfire#2#appfire#{"where":[],"fields":[{"fieldName":"healthId","name":"healthId","initParentAlias":"zenHealthStatus","alias":"zenHealthStatus.healthId","displayName":"healthId","fieldType":"java.lang.String","dataType":"VACHAR","xtype":"numberfield","fieldSize":"11","isPKey":true},{"fieldName":"scheduledDateTime","name":"scheduledDateTime","initParentAlias":"zenHealthStatus","alias":"zenHealthStatus.scheduledDateTime","displayName":"scheduledDateTime","fieldType":"java.sql.Timestamp","dataType":"DATETIME","xtype":"datefield","fieldSize":"","isPKey":false},{"fieldName":"serverInstanceId","name":"serverInstanceId","initParentAlias":"zenHealthStatus","alias":"zenHealthStatus.serverInstanceId","displayName":"serverInstanceId","fieldType":"java.lang.Integer","dataType":"INT","xtype":"textfield","fieldSize":"3","isPKey":false},{"fieldName":"serverIpAddress","name":"serverIpAddress","initParentAlias":"zenHealthStatus","alias":"zenHealthStatus.serverIpAddress","displayName":"serverIpAddress","fieldType":"java.lang.String","dataType":"VARCHAR","xtype":"textfield","fieldSize":"3","isPKey":false},{"fieldName":"freeSpace","name":"freeSpace","initParentAlias":"zenHealthStatus","alias":"zenHealthStatus.freeSpace","displayName":"free_Space","fieldType":"java.lang.Double","dataType":"DOUBLE","xtype":"numberfield","fieldSize":"","isPKey":false},{"fieldName":"usedSpace","name":"usedSpace","initParentAlias":"zenHealthStatus","alias":"zenHealthStatus.usedSpace","displayName":"usedSpace","fieldType":"java.lang.Double","dataType":"DOUBLE","xtype":"numberfield","fieldSize":"","isPKey":false},{"fieldName":"totalSpace","name":"totalSpace","initParentAlias":"zenHealthStatus","alias":"zenHealthStatus.totalSpace","displayName":"totalSpace","fieldType":"java.lang.Double","dataType":"DOUBLE","xtype":"numberfield","fieldSize":"","isPKey":false},{"fieldName":"status","name":"status","initParentAlias":"zenHealthStatus","alias":"zenHealthStatus.status","displayName":"status","fieldType":"java.lang.String","dataType":"VARCHAR","xtype":"textfield","fieldSize":"256","isPKey":false}],"inputParams":[]}#appfire#System Memory Usage#appfire#SYSTEM MEMORY USAGE#appfire#6C5C7AE1-F0E5-41FB-952B-50F4E45504C7#appfire#Q4J5ZQEQ8YIBNQ1HMAU7W#appfire#1#appfire#0#appfire#2016-03-21 14:52:26.0#appfire#0#appfire#2016-03-21 14:52:26.0#appfire#0#appfire#1#appfire#\N#appfire#0#appfirenewline#374EA507-4FE6-41E4-B1E9-75EEFE8CF4C7#appfire#select e from SessionData e where e.systemInfo.activeStatus=1 and e.appSessionId=:appSessionId#appfire#1#appfire#\N#appfire#SessionData.findByAppSessionId#appfire#SESSIONDATA.FINDBYAPPSESSIONID#appfire#\N#appfire#Q4J5ZQEQ8YIBNQ1HMAU7W#appfire#1#appfire#0#appfire#2016-03-21 14:52:26.0#appfire#0#appfire#2016-03-21 14:52:26.0#appfire#0#appfire#1#appfire#\N#appfire#0#appfirenewline#58075670-CC31-4E51-9BF8-D6F086EB73DE#appfire#SELECT orderMain.orderId,orderMain.orderDate,orderMain.grandTotal,orderMain.entityAudit.updatedDate,login.coreContacts.firstName FROM OrderMain AS orderMain,Login AS login 
 WHERE 
 orderMain.userId = login.user.userId 
#appfire#2#appfire#{"where":[{},{"_connIndex":"8b340b2c-d476-4511-1a58-dm3m815148cn","_parentIndex":"isWhereRoot","left":{"name":"userId","value":"orderMain.userId","valueType":1,"dataType":"VARCHAR","displayName":"User","widget":"combo","alias":"OrderMain","placeHolder":"userId","fieldType":"isReference","entConfig":{"name":"OrderMain","id":"E292189C-6A91-4FBD-B51D-2F64C515845B","type":"T","alias":"orderMain","initParentAlias":"orderMain"},"fieldConfig":{"fieldName":"userId","name":"userId","initParentAlias":"orderMain","alias":"orderMain.userId","displayName":"User","fieldType":"java.lang.String","dataType":"VARCHAR","xtype":"combo","fieldSize":"64","isPKey":false}},"operator":"=","right":{"name":"userId","value":"login.user.userId","valueType":1,"dataType":"VARCHAR","displayName":"User Id","widget":"textfield","alias":"User","placeHolder":"userId","fieldType":"isReference","entConfig":{"name":"User","id":"29C8A50B-B674-4C2C-B96B-E21A4633371C","type":"T","alias":"login.user","initParentAlias":"login","relationType":"11","isEntity":true},"fieldConfig":{"fieldName":"userId","name":"userId","initParentAlias":"login","alias":"login.user.userId","displayName":"User Id","fieldType":"java.lang.String","dataType":"VARCHAR","xtype":"textfield","fieldSize":"64","isPKey":true}}}],"fields":[{"fieldName":"orderId","name":"orderId","initParentAlias":"orderMain","alias":"orderMain.orderId","displayName":"Order Id","fieldType":"java.lang.String","dataType":"VARCHAR","xtype":"textfield","fieldSize":"256","isPKey":true},{"fieldName":"orderDate","name":"orderDate","initParentAlias":"orderMain","alias":"orderMain.orderDate","displayName":"Date","fieldType":"java.sql.Date","dataType":"DATE","xtype":"datefield","fieldSize":"","isPKey":false},{"fieldName":"grandTotal","name":"grandTotal","initParentAlias":"orderMain","alias":"orderMain.grandTotal","displayName":"Grand Total","fieldType":"java.lang.Double","dataType":"DOUBLE","xtype":"numberfield","fieldSize":"10,2","isPKey":false},{"fieldName":"updatedDate","name":"updatedDate","initParentAlias":"orderMain","alias":"orderMain.entityAudit.updatedDate","displayName":"updatedDate","fieldType":"java.sql.Timestamp","dataType":"DATETIME","xtype":"datefield","fieldSize":"","isPKey":false},{"fieldName":"firstName","name":"firstName","initParentAlias":"login","alias":"login.coreContacts.firstName","displayName":"First Name","fieldType":"java.lang.String","dataType":"VARCHAR","xtype":"textfield","fieldSize":"256","isPKey":false}],"inputParams":[],"joinCondition":[]}#appfire#Order Summary#appfire#ORDER SUMMARY#appfire#6C5C7AE1-F0E5-41FB-952B-50F4E45504C7#appfire#Q4J5ZQEQ8YIBNQ1HMAU7W#appfire#1#appfire#0#appfire#2016-03-21 14:52:26.0#appfire#0#appfire#2016-03-21 14:52:26.0#appfire#0#appfire#1#appfire#\N#appfire#0#appfirenewline#608225E7-B324-4DED-9981-7A2347F357DE#appfire#SELECT item.itemName,category.categoryName,product.productName,brand.brandName,orderMain.entityAudit.updatedDate,orderDetails.itemPrice,orderDetails.itemQuantity,orderDetails.subTotal FROM Item AS item,Category AS category,Product AS product,Brand AS brand,OrderMain AS orderMain,orderMain.orderDetails AS orderDetails 
 WHERE 
 orderDetails.itemId = item.itemId 
 AND item.productId = product.productId 
 AND item.productId = category.productId 
 AND item.categoryId = category.categoryId 
 AND item.productId = brand.productId 
 AND item.categoryId = brand.categoryId 
 AND item.brandId = brand.brandId 
 AND orderMain.orderId = :orderId 
#appfire#2#appfire#{"where":[{},{"_connIndex":"5c049874-ma7d-462a-10ad-97n054c57b82","_parentIndex":"isWhereRoot","left":{"name":"itemId","value":"orderDetails.itemId","valueType":1,"dataType":"VARCHAR","displayName":"Item Id","widget":"combo","alias":"OrderDetails","placeHolder":"itemId","fieldType":"isReference","entConfig":{"name":"OrderDetails","id":"CF97E926-0E98-4FBC-BB2D-2D2ECE0AF676","type":"TP","alias":"orderDetails","initParentAlias":"orderMain","relationType":"177","isEntity":true,"joinEntityName":"orderMain.orderDetails"},"fieldConfig":{"fieldName":"itemId","name":"itemId","initParentAlias":"orderMain","alias":"orderDetails.itemId","displayName":"Item Id","fieldType":"java.lang.String","dataType":"VARCHAR","xtype":"combo","fieldSize":"256","isPKey":false}},"operator":"=","right":{"name":"itemId","value":"item.itemId","valueType":1,"dataType":"VARCHAR","displayName":"Item Id","widget":"textfield","alias":"Item","placeHolder":"itemId","fieldType":"isReference","entConfig":{"name":"Item","id":"D61EBE28-6DF3-4878-AF82-43A81AB5B89B","type":"M","alias":"item","initParentAlias":"item"},"fieldConfig":{"fieldName":"itemId","name":"itemId","initParentAlias":"item","alias":"item.itemId","displayName":"Item Id","fieldType":"java.lang.String","dataType":"VARCHAR","xtype":"textfield","fieldSize":"256","isPKey":true}}},{"relation":"AND"},{"_connIndex":"cn290bc4-5cc9-4952-19a2-nc520da9cc4n","_parentIndex":"isWhereRoot","left":{"name":"productId","value":"item.productId","valueType":1,"dataType":"VARCHAR","displayName":"Product","widget":"combo","alias":"Item","placeHolder":"productId","fieldType":"isReference","entConfig":{"name":"Item","id":"D61EBE28-6DF3-4878-AF82-43A81AB5B89B","type":"M","alias":"item","initParentAlias":"item"},"fieldConfig":{"fieldName":"productId","name":"productId","initParentAlias":"item","alias":"item.productId","displayName":"Product","fieldType":"java.lang.String","dataType":"VARCHAR","xtype":"combo","fieldSize":"256","isPKey":false}},"operator":"=","right":{"name":"productId","value":"product.productId","valueType":1,"dataType":"VARCHAR","displayName":"Product Id","widget":"textfield","alias":"Product","placeHolder":"productId","fieldType":"isReference","entConfig":{"name":"Product","id":"88C52745-0F3D-4104-BA06-B1A071EF17CF","type":"M","alias":"product","initParentAlias":"product"},"fieldConfig":{"fieldName":"productId","name":"productId","initParentAlias":"product","alias":"product.productId","displayName":"Product Id","fieldType":"java.lang.String","dataType":"VARCHAR","xtype":"textfield","fieldSize":"256","isPKey":true}}},{"relation":"AND"},{"_connIndex":"n2dmdn2a-8040-4d07-b1d4-4ccm86n73520","_parentIndex":"isWhereRoot","left":{"name":"productId","value":"item.productId","valueType":1,"dataType":"VARCHAR","displayName":"Product","widget":"combo","alias":"Item","placeHolder":"productId","fieldType":"isReference","entConfig":{"name":"Item","id":"D61EBE28-6DF3-4878-AF82-43A81AB5B89B","type":"M","alias":"item","initParentAlias":"item"},"fieldConfig":{"fieldName":"productId","name":"productId","initParentAlias":"item","alias":"item.productId","displayName":"Product","fieldType":"java.lang.String","dataType":"VARCHAR","xtype":"combo","fieldSize":"256","isPKey":false}},"operator":"=","right":{"name":"productId","value":"category.productId","valueType":1,"dataType":"VARCHAR","displayName":"Product","widget":"combo","alias":"Category","placeHolder":"productId","fieldType":"isReference","entConfig":{"name":"Category","id":"E7C637C2-9DA0-4DF8-B941-469E5CBD0CE9","type":"M","alias":"category","initParentAlias":"category"},"fieldConfig":{"fieldName":"productId","name":"productId","initParentAlias":"category","alias":"category.productId","displayName":"Product","fieldType":"java.lang.String","dataType":"VARCHAR","xtype":"combo","fieldSize":"256","isPKey":false}}},{"relation":"AND"},{"_connIndex":"80396699-2080-4004-13md-ad6nb7ad8709","_parentIndex":"isWhereRoot","left":{"name":"categoryId","value":"item.categoryId","valueType":1,"dataType":"VARCHAR","displayName":"Category","widget":"combo","alias":"Item","placeHolder":"categoryId","fieldType":"isReference","entConfig":{"name":"Item","id":"D61EBE28-6DF3-4878-AF82-43A81AB5B89B","type":"M","alias":"item","initParentAlias":"item"},"fieldConfig":{"fieldName":"categoryId","name":"categoryId","initParentAlias":"item","alias":"item.categoryId","displayName":"Category","fieldType":"java.lang.String","dataType":"VARCHAR","xtype":"combo","fieldSize":"256","isPKey":false}},"operator":"=","right":{"name":"categoryId","value":"category.categoryId","valueType":1,"dataType":"VARCHAR","displayName":"Category Id","widget":"textfield","alias":"Category","placeHolder":"categoryId","fieldType":"isReference","entConfig":{"name":"Category","id":"E7C637C2-9DA0-4DF8-B941-469E5CBD0CE9","type":"M","alias":"category","initParentAlias":"category"},"fieldConfig":{"fieldName":"categoryId","name":"categoryId","initParentAlias":"category","alias":"category.categoryId","displayName":"Category Id","fieldType":"java.lang.String","dataType":"VARCHAR","xtype":"textfield","fieldSize":"256","isPKey":true}}},{"relation":"AND"},{"_connIndex":"59m34c9d-20m4-41n2-a910-6ba6cd336mbm","_parentIndex":"isWhereRoot","left":{"name":"productId","value":"item.productId","valueType":1,"dataType":"VARCHAR","displayName":"Product","widget":"combo","alias":"Item","placeHolder":"productId","fieldType":"isReference","entConfig":{"name":"Item","id":"D61EBE28-6DF3-4878-AF82-43A81AB5B89B","type":"M","alias":"item","initParentAlias":"item"},"fieldConfig":{"fieldName":"productId","name":"productId","initParentAlias":"item","alias":"item.productId","displayName":"Product","fieldType":"java.lang.String","dataType":"VARCHAR","xtype":"combo","fieldSize":"256","isPKey":false}},"operator":"=","right":{"name":"productId","value":"brand.productId","valueType":1,"dataType":"VARCHAR","displayName":"Product","widget":"combo","alias":"Brand","placeHolder":"productId","fieldType":"isReference","entConfig":{"name":"Brand","id":"17A80903-1090-4C0F-ADEB-9F6D5B0C6B82","type":"M","alias":"brand","initParentAlias":"brand"},"fieldConfig":{"fieldName":"productId","name":"productId","initParentAlias":"brand","alias":"brand.productId","displayName":"Product","fieldType":"java.lang.String","dataType":"VARCHAR","xtype":"combo","fieldSize":"256","isPKey":false}}},{"relation":"AND"},{"_connIndex":"m67c7maa-9d50-4mm1-1acc-bmb7d09mbamd","_parentIndex":"isWhereRoot","left":{"name":"categoryId","value":"item.categoryId","valueType":1,"dataType":"VARCHAR","displayName":"Category","widget":"combo","alias":"Item","placeHolder":"categoryId","fieldType":"isReference","entConfig":{"name":"Item","id":"D61EBE28-6DF3-4878-AF82-43A81AB5B89B","type":"M","alias":"item","initParentAlias":"item"},"fieldConfig":{"fieldName":"categoryId","name":"categoryId","initParentAlias":"item","alias":"item.categoryId","displayName":"Category","fieldType":"java.lang.String","dataType":"VARCHAR","xtype":"combo","fieldSize":"256","isPKey":false}},"operator":"=","right":{"name":"categoryId","value":"brand.categoryId","valueType":1,"dataType":"VARCHAR","displayName":"Category","widget":"combo","alias":"Brand","placeHolder":"categoryId","fieldType":"isReference","entConfig":{"name":"Brand","id":"17A80903-1090-4C0F-ADEB-9F6D5B0C6B82","type":"M","alias":"brand","initParentAlias":"brand"},"fieldConfig":{"fieldName":"categoryId","name":"categoryId","initParentAlias":"brand","alias":"brand.categoryId","displayName":"Category","fieldType":"java.lang.String","dataType":"VARCHAR","xtype":"combo","fieldSize":"256","isPKey":false}}},{"relation":"AND"},{"_connIndex":"2n6c88n3-6nd3-4667-04bd-3686c179ca34","_parentIndex":"isWhereRoot","left":{"name":"brandId","value":"item.brandId","valueType":1,"dataType":"VARCHAR","displayName":"Brand","widget":"combo","alias":"Item","placeHolder":"brandId","fieldType":"isReference","entConfig":{"name":"Item","id":"D61EBE28-6DF3-4878-AF82-43A81AB5B89B","type":"M","alias":"item","initParentAlias":"item"},"fieldConfig":{"fieldName":"brandId","name":"brandId","initParentAlias":"item","alias":"item.brandId","displayName":"Brand","fieldType":"java.lang.String","dataType":"VARCHAR","xtype":"combo","fieldSize":"256","isPKey":false}},"operator":"=","right":{"name":"brandId","value":"brand.brandId","valueType":1,"dataType":"VARCHAR","displayName":"Brand Id","widget":"textfield","alias":"Brand","placeHolder":"brandId","fieldType":"isReference","entConfig":{"name":"Brand","id":"17A80903-1090-4C0F-ADEB-9F6D5B0C6B82","type":"M","alias":"brand","initParentAlias":"brand"},"fieldConfig":{"fieldName":"brandId","name":"brandId","initParentAlias":"brand","alias":"brand.brandId","displayName":"Brand Id","fieldType":"java.lang.String","dataType":"VARCHAR","xtype":"textfield","fieldSize":"256","isPKey":true}}},{"relation":"AND"},{"_connIndex":"mmbd5n0d-8844-4b8b-0m15-76a3010c8mab","_parentIndex":"isWhereRoot","left":{"name":"orderId","value":"orderMain.orderId","valueType":1,"dataType":"VARCHAR","displayName":"Order Id","widget":"textfield","alias":"OrderMain","placeHolder":"orderId","fieldType":"isReference","entConfig":{"name":"OrderMain","id":"E292189C-6A91-4FBD-B51D-2F64C515845B","type":"T","alias":"orderMain","initParentAlias":"orderMain"},"fieldConfig":{"fieldName":"orderId","name":"orderId","initParentAlias":"orderMain","alias":"orderMain.orderId","displayName":"Order Id","fieldType":"java.lang.String","dataType":"VARCHAR","xtype":"textfield","fieldSize":"256","isPKey":true}},"operator":"=","right":{"name":"orderId","value":":orderId","valueType":2,"dataType":"VARCHAR","displayName":"Order Id","widget":"textfield","alias":"OrderMain","placeHolder":"orderId","fieldType":"isDynamic","entConfig":{"name":"OrderMain","id":"E292189C-6A91-4FBD-B51D-2F64C515845B","type":"T","alias":"orderMain","initParentAlias":"orderMain"},"fieldConfig":{"fieldName":"orderId","name":"orderId","initParentAlias":"orderMain","alias":"orderMain.orderId","displayName":"Order Id","fieldType":"java.lang.String","dataType":"VARCHAR","xtype":"textfield","fieldSize":"256","isPKey":true}}}],"fields":[{"fieldName":"itemName","name":"itemName","initParentAlias":"item","alias":"item.itemName","displayName":"Item","fieldType":"java.lang.String","dataType":"VARCHAR","xtype":"textfield","fieldSize":"256","isPKey":false},{"fieldName":"categoryName","name":"categoryName","initParentAlias":"category","alias":"category.categoryName","displayName":"Category","fieldType":"java.lang.String","dataType":"VARCHAR","xtype":"textfield","fieldSize":"256","isPKey":false},{"fieldName":"productName","name":"productName","initParentAlias":"product","alias":"product.productName","displayName":"Product","fieldType":"java.lang.String","dataType":"VARCHAR","xtype":"textfield","fieldSize":"256","isPKey":false},{"fieldName":"brandName","name":"brandName","initParentAlias":"brand","alias":"brand.brandName","displayName":"Brand","fieldType":"java.lang.String","dataType":"VARCHAR","xtype":"textfield","fieldSize":"256","isPKey":false},{"fieldName":"updatedDate","name":"updatedDate","initParentAlias":"orderMain","alias":"orderMain.entityAudit.updatedDate","displayName":"updatedDate","fieldType":"java.sql.Timestamp","dataType":"DATETIME","xtype":"datefield","fieldSize":"","isPKey":false},{"fieldName":"itemPrice","name":"itemPrice","initParentAlias":"orderMain","alias":"orderDetails.itemPrice","displayName":"Price","fieldType":"java.lang.Double","dataType":"DOUBLE","xtype":"numberfield","fieldSize":"10,2","isPKey":false},{"fieldName":"itemQuantity","name":"itemQuantity","initParentAlias":"orderMain","alias":"orderDetails.itemQuantity","displayName":"Quantity","fieldType":"java.lang.Integer","dataType":"INT","xtype":"numberfield","fieldSize":"10","isPKey":false},{"fieldName":"subTotal","name":"subTotal","initParentAlias":"orderMain","alias":"orderDetails.subTotal","displayName":"Sub Total","fieldType":"java.lang.Double","dataType":"DOUBLE","xtype":"numberfield","fieldSize":"10,2","isPKey":false}],"inputParams":[{"dataType":"VARCHAR","placeHolder":"orderId","alias":"orderMain.orderId","fieldType":"java.lang.String"}],"joinCondition":[]}#appfire#Order Details#appfire#ORDER DETAILS#appfire#6C5C7AE1-F0E5-41FB-952B-50F4E45504C7#appfire#Q4J5ZQEQ8YIBNQ1HMAU7W#appfire#1#appfire#0#appfire#2016-03-21 14:52:26.0#appfire#0#appfire#2016-03-21 14:52:26.0#appfire#0#appfire#1#appfire#\N#appfire#0#appfirenewline#93FDFAE4-63C8-4FCE-9C6D-371E27B2D34E#appfire#SELECT item.itemName,cart.itemPrice,cart.itemQuantity,cart.subTotal FROM Item AS item,Cart AS cart 
 WHERE 
 cart.itemId = item.itemId 
 AND cart.userId = :userId 
#appfire#2#appfire#{"where":[{},{"_connIndex":"8b3m9a37-029a-417c-1727-d80d957405d8","_parentIndex":"isWhereRoot","left":{"name":"itemId","value":"cart.itemId","valueType":1,"dataType":"VARCHAR","displayName":"Item Id","widget":"combo","alias":"Cart","placeHolder":"itemId","fieldType":"isReference","entConfig":{"name":"Cart","id":"BEAD0AA6-41C8-4D61-B0BA-95BD0D4D5BBE","type":"T","alias":"cart","initParentAlias":"cart"},"fieldConfig":{"fieldName":"itemId","name":"itemId","initParentAlias":"cart","alias":"cart.itemId","displayName":"Item Id","fieldType":"java.lang.String","dataType":"VARCHAR","xtype":"combo","fieldSize":"256","isPKey":false}},"operator":"=","right":{"name":"itemId","value":"item.itemId","valueType":1,"dataType":"VARCHAR","displayName":"Item Id","widget":"textfield","alias":"Item","placeHolder":"itemId","fieldType":"isReference","entConfig":{"name":"Item","id":"D61EBE28-6DF3-4878-AF82-43A81AB5B89B","type":"M","alias":"item","initParentAlias":"item"},"fieldConfig":{"fieldName":"itemId","name":"itemId","initParentAlias":"item","alias":"item.itemId","displayName":"Item Id","fieldType":"java.lang.String","dataType":"VARCHAR","xtype":"textfield","fieldSize":"256","isPKey":true}}},{"relation":"AND"},{"_connIndex":"80n26m7n-b9md-452d-10c3-ab16d454an7b","_parentIndex":"isWhereRoot","left":{"name":"userId","value":"cart.userId","valueType":1,"dataType":"VARCHAR","displayName":"User","widget":"combo","alias":"Cart","placeHolder":"userId","fieldType":"isReference","entConfig":{"name":"Cart","id":"BEAD0AA6-41C8-4D61-B0BA-95BD0D4D5BBE","type":"T","alias":"cart","initParentAlias":"cart"},"fieldConfig":{"fieldName":"userId","name":"userId","initParentAlias":"cart","alias":"cart.userId","displayName":"User","fieldType":"java.lang.String","dataType":"VARCHAR","xtype":"combo","fieldSize":"64","isPKey":false}},"operator":"=","right":{"name":"userId","value":":userId","valueType":2,"dataType":"VARCHAR","displayName":"User","widget":"combo","alias":"Cart","placeHolder":"userId","fieldType":"isDynamic","entConfig":{"name":"Cart","id":"BEAD0AA6-41C8-4D61-B0BA-95BD0D4D5BBE","type":"T","alias":"cart","initParentAlias":"cart"},"fieldConfig":{"fieldName":"userId","name":"userId","initParentAlias":"cart","alias":"cart.userId","displayName":"User","fieldType":"java.lang.String","dataType":"VARCHAR","xtype":"combo","fieldSize":"64","isPKey":false}}}],"fields":[{"fieldName":"itemName","name":"itemName","initParentAlias":"item","alias":"item.itemName","displayName":"Item","fieldType":"java.lang.String","dataType":"VARCHAR","xtype":"textfield","fieldSize":"256","isPKey":false},{"fieldName":"itemPrice","name":"itemPrice","initParentAlias":"cart","alias":"cart.itemPrice","displayName":"Price","fieldType":"java.lang.Double","dataType":"DOUBLE","xtype":"numberfield","fieldSize":"10,2","isPKey":false},{"fieldName":"itemQuantity","name":"itemQuantity","initParentAlias":"cart","alias":"cart.itemQuantity","displayName":"Quantity","fieldType":"java.lang.Integer","dataType":"INT","xtype":"numberfield","fieldSize":"10","isPKey":false},{"fieldName":"subTotal","name":"subTotal","initParentAlias":"cart","alias":"cart.subTotal","displayName":"Sub Total","fieldType":"java.lang.Double","dataType":"DOUBLE","xtype":"numberfield","fieldSize":"10,2","isPKey":false}],"inputParams":[{"dataType":"VARCHAR","placeHolder":"userId","alias":"cart.userId","fieldType":"java.lang.String"}],"joinCondition":[]}#appfire#FetchCartDetails#appfire#FETCHCARTDETAILS#appfire#6C5C7AE1-F0E5-41FB-952B-50F4E45504C7#appfire#Q4J5ZQEQ8YIBNQ1HMAU7W#appfire#1#appfire#0#appfire#2016-03-21 14:52:26.0#appfire#0#appfire#2016-03-21 14:52:26.0#appfire#0#appfire#1#appfire#\N#appfire#0#appfirenewline#9C33F322-6FB4-4A70-91C0-EE1806B765A4#appfire#SELECT item.itemName,item.itemStock FROM Item AS item 
#appfire#2#appfire#{"where":[],"fields":[{"fieldName":"itemName","name":"itemName","initParentAlias":"item","alias":"item.itemName","displayName":"Item","fieldType":"java.lang.String","dataType":"VARCHAR","xtype":"textfield","fieldSize":"256","isPKey":false},{"fieldName":"itemStock","name":"itemStock","initParentAlias":"item","alias":"item.itemStock","displayName":"Stock","fieldType":"java.lang.Integer","dataType":"INT","xtype":"numberfield","fieldSize":"10","isPKey":false}],"inputParams":[],"joinCondition":[]}#appfire#Item Stock#appfire#ITEM STOCK#appfire#6C5C7AE1-F0E5-41FB-952B-50F4E45504C7#appfire#Q4J5ZQEQ8YIBNQ1HMAU7W#appfire#1#appfire#0#appfire#2016-03-21 14:52:26.0#appfire#0#appfire#2016-03-21 14:52:26.0#appfire#0#appfire#1#appfire#\N#appfire#0#appfirenewline#A5003E9F-B718-49E6-9ABE-94A845416097#appfire#SELECT u FROM Login u WHERE u.systemInfo.activeStatus=1 AND u.user.userId NOT IN (SELECT ub.userId FROM UserRoleBridge ub)#appfire#1#appfire#\N#appfire#findUnMappedUser#appfire#FINDUNMAPPEDUSER#appfire#6C5C7AE1-F0E5-41FB-952B-50F4E45504C7#appfire#Q4J5ZQEQ8YIBNQ1HMAU7W#appfire#1#appfire#0#appfire#2016-03-21 14:52:26.0#appfire#0#appfire#2016-03-21 14:52:26.0#appfire#0#appfire#1#appfire#\N#appfire#0#appfirenewline#B6276597-C358-4552-B03C-115BCD001830#appfire#SELECT orderMain.orderDate,orderMain.grandTotal,orderMain.orderId,login.coreContacts.firstName FROM OrderMain AS orderMain,Login AS login 
 WHERE 
 orderMain.userId = login.user.userId 
 AND orderMain.userId = :userId1 
#appfire#2#appfire#{"where":[{},{"_connIndex":"b8ab43n8-d66c-422a-0m1c-27b41c0bac1b","_parentIndex":"isWhereRoot","left":{"name":"userId","value":"orderMain.userId","valueType":1,"dataType":"VARCHAR","displayName":"User","widget":"combo","alias":"OrderMain","placeHolder":"userId","fieldType":"isReference","entConfig":{"name":"OrderMain","id":"E292189C-6A91-4FBD-B51D-2F64C515845B","type":"T","alias":"orderMain","initParentAlias":"orderMain"},"fieldConfig":{"fieldName":"userId","name":"userId","initParentAlias":"orderMain","alias":"orderMain.userId","displayName":"User","fieldType":"java.lang.String","dataType":"VARCHAR","xtype":"combo","fieldSize":"64","isPKey":false}},"operator":"=","right":{"name":"userId","value":"login.user.userId","valueType":1,"dataType":"VARCHAR","displayName":"User Id","widget":"textfield","alias":"User","placeHolder":"userId","fieldType":"isReference","entConfig":{"name":"User","id":"29C8A50B-B674-4C2C-B96B-E21A4633371C","type":"T","alias":"login.user","initParentAlias":"login","relationType":"11","isEntity":true},"fieldConfig":{"fieldName":"userId","name":"userId","initParentAlias":"login","alias":"login.user.userId","displayName":"User Id","fieldType":"java.lang.String","dataType":"VARCHAR","xtype":"textfield","fieldSize":"64","isPKey":true}}},{"relation":"AND"},{"_connIndex":"2c4348a9-423b-4869-am2c-1m32680n461n","_parentIndex":"isWhereRoot","left":{"name":"userId","value":"orderMain.userId","valueType":1,"dataType":"VARCHAR","displayName":"User","widget":"combo","alias":"OrderMain","placeHolder":"userId","fieldType":"isReference","entConfig":{"name":"OrderMain","id":"E292189C-6A91-4FBD-B51D-2F64C515845B","type":"T","alias":"orderMain","initParentAlias":"orderMain"},"fieldConfig":{"fieldName":"userId","name":"userId","initParentAlias":"orderMain","alias":"orderMain.userId","displayName":"User","fieldType":"java.lang.String","dataType":"VARCHAR","xtype":"combo","fieldSize":"64","isPKey":false}},"operator":"=","right":{"name":"userId1","value":":userId1","valueType":2,"dataType":"VARCHAR","displayName":"User","widget":"combo","alias":"OrderMain","placeHolder":"userId1","fieldType":"isDynamic","entConfig":{"name":"OrderMain","id":"E292189C-6A91-4FBD-B51D-2F64C515845B","type":"T","alias":"orderMain","initParentAlias":"orderMain"},"fieldConfig":{"fieldName":"userId","name":"userId","initParentAlias":"orderMain","alias":"orderMain.userId","displayName":"User","fieldType":"java.lang.String","dataType":"VARCHAR","xtype":"combo","fieldSize":"64","isPKey":false},"sessionInput":true,"attributeName":"userId","attributeDatatype":"java.lang.String"}}],"fields":[{"fieldName":"orderDate","name":"orderDate","initParentAlias":"orderMain","alias":"orderMain.orderDate","displayName":"Date","fieldType":"java.sql.Date","dataType":"DATE","xtype":"datefield","fieldSize":"","isPKey":false},{"fieldName":"grandTotal","name":"grandTotal","initParentAlias":"orderMain","alias":"orderMain.grandTotal","displayName":"Grand Total","fieldType":"java.lang.Double","dataType":"DOUBLE","xtype":"numberfield","fieldSize":"10,2","isPKey":false},{"fieldName":"orderId","name":"orderId","initParentAlias":"orderMain","alias":"orderMain.orderId","displayName":"Order Id","fieldType":"java.lang.String","dataType":"VARCHAR","xtype":"textfield","fieldSize":"256","isPKey":true},{"fieldName":"firstName","name":"firstName","initParentAlias":"login","alias":"login.coreContacts.firstName","displayName":"First Name","fieldType":"java.lang.String","dataType":"VARCHAR","xtype":"textfield","fieldSize":"256","isPKey":false}],"inputParams":[{"dataType":"VARCHAR","placeHolder":"userId1","alias":"orderMain.userId","fieldType":"java.lang.String","sessionInput":true,"attributeName":"userId","attributeDatatype":"java.lang.String"}],"joinCondition":[]}#appfire#Placed Orders#appfire#PLACED ORDERS#appfire#6C5C7AE1-F0E5-41FB-952B-50F4E45504C7#appfire#Q4J5ZQEQ8YIBNQ1HMAU7W#appfire#1#appfire#0#appfire#2016-03-21 14:52:26.0#appfire#0#appfire#2016-03-21 14:52:26.0#appfire#0#appfire#1#appfire#\N#appfire#0#appfirenewline#B9C5FADF-5D66-4B09-B751-1D02A65F50E6#appfire#SELECT zenHealth.monitorId,zenHealth.scheduledDateTime,zenHealth.serverInstanceId,zenHealth.serverIpAddress,zenHealth.totalClass,zenHealth.classLoaded, zenHealth.classUnloaded,zenHealth.gcCollectionTime,zenHealth.gcMemoryName, ((zenHealth.nonHeapCommitted/1024)/1024) AS nonHeapCommitted, (zenHealth.nonHeapUsed/1024)/1024 AS nonHeapUsed, (zenHealth.heapCommitted/1024)/1024 AS heapCommitted, (zenHealth.maxMemory/1024)/1024 AS maxMemory , 100 - ((zenHealth.usedMemory/zenHealth.totalMemory) * 100) AS freeMemory, (zenHealth.heapUsed/1024)/1024 AS heapUsed, (zenHealth.totalMemory/1024)/1024 AS totalMemory, zenHealth.startTime, zenHealth.upTime,zenHealth.cpuTime, (zenHealth.freePhysicalSize/1024)/1024 AS freePhysicalSize, (zenHealth.totalPhysicalMemorySize/1024)/1024 AS totalPhysicalMemorySize, zenHealth.cpuLoadTime, FUNCTION('ROUND',(zenHealth.freeSwapSize/1024)/1024) AS freeSwapSize, zenHealth.systemLoadAverage, FUNCTION('ROUND',(zenHealth.totalSwapSize/1024)/1024) AS totalSwapSize, zenHealth.availableProcessor,zenHealth.totalThread, zenHealth.threadPeakCount,zenHealth.threadStartedCount,zenHealth.threadDaemonCount,zenHealth.threadCpuTime, zenHealth.threadUserTime,zenHealth.cpuLoad, (zenHealth.usedMemory/zenHealth.totalMemory) * 100 AS usedMemory, (zenHealth.usedSwapSize/1024)/1024 AS usedSwapSize, (zenHealth.usedPhysicalMemory /1024)/1024 AS usedPhysicalMemory FROM ZenHealth AS zenHealth ORDER BY zenHealth.scheduledDateTime DESC#appfire#2#appfire#{"where":[],"fields":[{"fieldName":"monitorId","name":"monitorId","initParentAlias":"zenHealth","alias":"zenHealth.monitorId","displayName":"monitorId","fieldType":"java.lang.String","dataType":"VARCHAR","xtype":"numberfield","fieldSize":"11","isPKey":true},{"fieldName":"scheduledDateTime","name":"scheduledDateTime","initParentAlias":"zenHealth","alias":"zenHealth.scheduledDateTime","displayName":"scheduledDateTime","fieldType":"java.sql.Timestamp","dataType":"DATETIME","xtype":"datefield","fieldSize":"","isPKey":false},{"fieldName":"serverInstanceId","name":"serverInstanceId","initParentAlias":"zenHealth","alias":"zenHealth.serverInstanceId","displayName":"serverInstanceId","fieldType":"java.lang.Integer","dataType":"INT","xtype":"numberfield","fieldSize":"32","isPKey":false},{"fieldName":"serverIpAddress","name":"serverIpAddress","initParentAlias":"zenHealth","alias":"zenHealth.serverIpAddress","displayName":"serverIpAddress","fieldType":"java.lang.String","dataType":"VARCHAR","xtype":"textfield","fieldSize":"3","isPKey":false},{"fieldName":"totalClass","name":"totalClass","initParentAlias":"zenHealth","alias":"zenHealth.totalClass","displayName":"totalClass","fieldType":"java.lang.Integer","dataType":"INT","xtype":"textfield","fieldSize":"11","isPKey":false},{"fieldName":"classLoaded","name":"classLoaded","initParentAlias":"zenHealth","alias":"zenHealth.classLoaded","displayName":"classLoaded","fieldType":"java.lang.Integer","dataType":"INT","xtype":"textfield","fieldSize":"11","isPKey":false},{"fieldName":"classUnloaded","name":"classUnloaded","initParentAlias":"zenHealth","alias":"zenHealth.classUnloaded","displayName":"classUnloaded","fieldType":"java.lang.Integer","dataType":"INT","xtype":"combo","fieldSize":"11","isPKey":false},{"fieldName":"gcCollectionTime","name":"gcCollectionTime","initParentAlias":"zenHealth","alias":"zenHealth.gcCollectionTime","displayName":"gcCollectionTime","fieldType":"java.lang.Integer","dataType":"INT","xtype":"numberfield","fieldSize":"11","isPKey":false},{"fieldName":"gcMemoryName","name":"gcMemoryName","initParentAlias":"zenHealth","alias":"zenHealth.gcMemoryName","displayName":"gcMemoryName","fieldType":"java.lang.String","dataType":"VARCHAR","xtype":"textfield","fieldSize":"256","isPKey":false},{"fieldName":"nonHeapCommitted","name":"nonHeapCommitted","initParentAlias":"zenHealth","alias":"zenHealth.nonHeapCommitted","displayName":"nonHeapCommitted","fieldType":"java.lang.Double","dataType":"DOUBLE","xtype":"numberfield","fieldSize":"","isPKey":false},{"fieldName":"nonHeapUsed","name":"nonHeapUsed","initParentAlias":"zenHealth","alias":"zenHealth.nonHeapUsed","displayName":"nonHeapUsed","fieldType":"java.lang.Double","dataType":"DOUBLE","xtype":"numberfield","fieldSize":"","isPKey":false},{"fieldName":"heapCommitted","name":"heapCommitted","initParentAlias":"zenHealth","alias":"zenHealth.heapCommitted","displayName":"heapCommitted","fieldType":"java.lang.Double","dataType":"DOUBLE","xtype":"numberfield","fieldSize":"","isPKey":false},{"fieldName":"maxMemory","name":"maxMemory","initParentAlias":"zenHealth","alias":"zenHealth.maxMemory","displayName":"maxMemory","fieldType":"java.lang.Double","dataType":"DOUBLE","xtype":"numberfield","fieldSize":"","isPKey":false},{"fieldName":"freeMemory","name":"freeMemory","initParentAlias":"zenHealth","alias":"zenHealth.freeMemory","displayName":"freeMemory","fieldType":"java.lang.Double","dataType":"DOUBLE","xtype":"numberfield","fieldSize":"","isPKey":false},{"fieldName":"heapUsed","name":"heapUsed","initParentAlias":"zenHealth","alias":"zenHealth.heapUsed","displayName":"heapUsed","fieldType":"java.lang.Double","dataType":"DOUBLE","xtype":"numberfield","fieldSize":"","isPKey":false},{"fieldName":"totalMemory","name":"totalMemory","initParentAlias":"zenHealth","alias":"zenHealth.totalMemory","displayName":"totalMemry","fieldType":"java.lang.Double","dataType":"DOUBLE","xtype":"numberfield","fieldSize":"","isPKey":false},{"fieldName":"startTime","name":"startTime","initParentAlias":"zenHealth","alias":"zenHealth.startTime","displayName":"startTime","fieldType":"java.sql.Timestamp","dataType":"DATETIME","xtype":"datefield","fieldSize":"","isPKey":false},{"fieldName":"upTime","name":"upTime","initParentAlias":"zenHealth","alias":"zenHealth.upTime","displayName":"upTime","fieldType":"java.lang.Integer","dataType":"INT","xtype":"numberfield","fieldSize":"11","isPKey":false},{"fieldName":"cpuTime","name":"cpuTime","initParentAlias":"zenHealth","alias":"zenHealth.cpuTime","displayName":"cpuTime","fieldType":"java.lang.Double","dataType":"DOUBLE","xtype":"numberfield","fieldSize":"","isPKey":false},{"fieldName":"freePhysicalSize","name":"freePhysicalSize","initParentAlias":"zenHealth","alias":"zenHealth.freePhysicalSize","displayName":"freePhysicalSize","fieldType":"java.lang.Double","dataType":"DOUBLE","xtype":"numberfield","fieldSize":"","isPKey":false},{"fieldName":"totalPhysicalMemorySize","name":"totalPhysicalMemorySize","initParentAlias":"zenHealth","alias":"zenHealth.totalPhysicalMemorySize","displayName":"totalPhysicalMemorSize","fieldType":"java.lang.Double","dataType":"DOUBLE","xtype":"numberfield","fieldSize":"","isPKey":false},{"fieldName":"cpuLoadTime","name":"cpuLoadTime","initParentAlias":"zenHealth","alias":"zenHealth.cpuLoadTime","displayName":"cpuLoadTime","fieldType":"java.lang.Double","dataType":"DOUBLE","xtype":"numberfield","fieldSize":"","isPKey":false},{"fieldName":"freeSwapSize","name":"freeSwapSize","initParentAlias":"zenHealth","alias":"zenHealth.freeSwapSize","displayName":"freeSwapSize","fieldType":"java.lang.Double","dataType":"DOUBLE","xtype":"numberfield","fieldSize":"","isPKey":false},{"fieldName":"systemLoadAverage","name":"systemLoadAverage","initParentAlias":"zenHealth","alias":"zenHealth.systemLoadAverage","displayName":"systemLoadAverage","fieldType":"java.lang.Double","dataType":"DOUBLE","xtype":"numberfield","fieldSize":"","isPKey":false},{"fieldName":"totalSwapSize","name":"totalSwapSize","initParentAlias":"zenHealth","alias":"zenHealth.totalSwapSize","displayName":"totalSwapSize","fieldType":"java.lang.Double","dataType":"DOUBLE","xtype":"numberfield","fieldSize":"","isPKey":false},{"fieldName":"availableProcessor","name":"availableProcessor","initParentAlias":"zenHealth","alias":"zenHealth.availableProcessor","displayName":"availableProcessor","fieldType":"java.lang.Double","dataType":"DOUBLE","xtype":"numberfield","fieldSize":"","isPKey":false},{"fieldName":"totalThread","name":"totalThread","initParentAlias":"zenHealth","alias":"zenHealth.totalThread","displayName":"totalThread","fieldType":"java.lang.Double","dataType":"DOUBLE","xtype":"numberfield","fieldSize":"","isPKey":false},{"fieldName":"threadPeakCount","name":"threadPeakCount","initParentAlias":"zenHealth","alias":"zenHealth.threadPeakCount","displayName":"threadPeakCount","fieldType":"java.lang.Double","dataType":"DOUBLE","xtype":"numberfield","fieldSize":"","isPKey":false},{"fieldName":"threadStartedCount","name":"threadStartedCount","initParentAlias":"zenHealth","alias":"zenHealth.threadStartedCount","displayName":"threadStartedCount","fieldType":"java.lang.Double","dataType":"DOUBLE","xtype":"numberfield","fieldSize":"","isPKey":false},{"fieldName":"threadDaemonCount","name":"threadDaemonCount","initParentAlias":"zenHealth","alias":"zenHealth.threadDaemonCount","displayName":"threadDaemonCount","fieldType":"java.lang.Double","dataType":"DOUBLE","xtype":"numberfield","fieldSize":"","isPKey":false},{"fieldName":"threadCpuTime","name":"threadCpuTime","initParentAlias":"zenHealth","alias":"zenHealth.threadCpuTime","displayName":"threadCpuTime","fieldType":"java.lang.Double","dataType":"DOUBLE","xtype":"numberfield","fieldSize":"","isPKey":false},{"fieldName":"threadUserTime","name":"threadUserTime","initParentAlias":"zenHealth","alias":"zenHealth.threadUserTime","displayName":"threadUserTime","fieldType":"java.lang.String","dataType":"VARCHAR","xtype":"textfield","fieldSize":"256","isPKey":false},{"fieldName":"cpuLoad","name":"cpuLoad","initParentAlias":"zenHealth","alias":"zenHealth.cpuLoad","displayName":"cpuLoad","fieldType":"java.lang.Double","dataType":"DOUBLE","xtype":"numberfield","fieldSize":"","isPKey":false},{"fieldName":"usedMemory","name":"usedMemory","initParentAlias":"zenHealth","alias":"zenHealth.usedMemory","displayName":"usedMemory","fieldType":"java.lang.Double","dataType":"DOUBLE","xtype":"numberfield","fieldSize":"","isPKey":false},{"fieldName":"usedSwapSize","name":"usedSwapSize","initParentAlias":"zenHealth","alias":"zenHealth.usedSwapSize","displayName":"usedSwapSize","fieldType":"java.lang.Double","dataType":"DOUBLE","xtype":"numberfield","fieldSize":"","isPKey":false},{"fieldName":"usedPhysicalMemory","name":"usedPhysicalMemory","initParentAlias":"zenHealth","alias":"zenHealth.usedPhysicalMemory","displayName":"usedPhysicalMemory","fieldType":"java.lang.Double","dataType":"DOUBLE","xtype":"numberfield","fieldSize":"","isPKey":false}],"inputParams":[]}#appfire#App Server Memory Usage#appfire#APP SERVER MEMORY USAGE#appfire#6C5C7AE1-F0E5-41FB-952B-50F4E45504C7#appfire#Q4J5ZQEQ8YIBNQ1HMAU7W#appfire#1#appfire#0#appfire#2016-03-21 14:52:26.0#appfire#0#appfire#2016-03-21 14:52:26.0#appfire#0#appfire#1#appfire#\N#appfire#0#appfirenewline#E3503150-3B5B-4F55-8900-C558D7F72F18#appfire#SELECT category.categoryName,brand.brandName,product.productName,item.itemId,item.itemName,item.itemPrice,item.itemIcon FROM Category AS category,Brand AS brand,Product AS product,Item AS item 
 WHERE 
 item.productId = product.productId 
 AND item.productId = category.productId 
 AND item.categoryId = category.categoryId 
 AND item.productId = brand.productId 
 AND item.categoryId = brand.categoryId 
 AND item.brandId = brand.brandId 
 AND item.itemStock > 0 
#appfire#2#appfire#{"where":[{},{"_connIndex":"5n187n31-bmbn-4c10-1d63-1b9974ca0139","_parentIndex":"isWhereRoot","left":{"name":"productId","value":"item.productId","valueType":1,"dataType":"VARCHAR","displayName":"Product","widget":"combo","alias":"Item","placeHolder":"productId","fieldType":"isReference","entConfig":{"name":"Item","id":"D61EBE28-6DF3-4878-AF82-43A81AB5B89B","type":"M","alias":"item","initParentAlias":"item"},"fieldConfig":{"fieldName":"productId","name":"productId","initParentAlias":"item","alias":"item.productId","displayName":"Product","fieldType":"java.lang.String","dataType":"VARCHAR","xtype":"combo","fieldSize":"256","isPKey":false}},"operator":"=","right":{"name":"productId","value":"product.productId","valueType":1,"dataType":"VARCHAR","displayName":"Product Id","widget":"textfield","alias":"Product","placeHolder":"productId","fieldType":"isReference","entConfig":{"name":"Product","id":"88C52745-0F3D-4104-BA06-B1A071EF17CF","type":"M","alias":"product","initParentAlias":"product"},"fieldConfig":{"fieldName":"productId","name":"productId","initParentAlias":"product","alias":"product.productId","displayName":"Product Id","fieldType":"java.lang.String","dataType":"VARCHAR","xtype":"textfield","fieldSize":"256","isPKey":true}}},{"relation":"AND"},{"_connIndex":"8ca9b5d9-549c-489c-1ab7-cb75036aa464","_parentIndex":"isWhereRoot","left":{"name":"productId","value":"item.productId","valueType":1,"dataType":"VARCHAR","displayName":"Product","widget":"combo","alias":"Item","placeHolder":"productId","fieldType":"isReference","entConfig":{"name":"Item","id":"D61EBE28-6DF3-4878-AF82-43A81AB5B89B","type":"M","alias":"item","initParentAlias":"item"},"fieldConfig":{"fieldName":"productId","name":"productId","initParentAlias":"item","alias":"item.productId","displayName":"Product","fieldType":"java.lang.String","dataType":"VARCHAR","xtype":"combo","fieldSize":"256","isPKey":false}},"operator":"=","right":{"name":"productId","value":"category.productId","valueType":1,"dataType":"VARCHAR","displayName":"Product","widget":"combo","alias":"Category","placeHolder":"productId","fieldType":"isReference","entConfig":{"name":"Category","id":"E7C637C2-9DA0-4DF8-B941-469E5CBD0CE9","type":"M","alias":"category","initParentAlias":"category"},"fieldConfig":{"fieldName":"productId","name":"productId","initParentAlias":"category","alias":"category.productId","displayName":"Product","fieldType":"java.lang.String","dataType":"VARCHAR","xtype":"combo","fieldSize":"256","isPKey":false}}},{"relation":"AND"},{"_connIndex":"69bd05c2-5b77-49nb-1m91-10bc71897263","_parentIndex":"isWhereRoot","left":{"name":"categoryId","value":"item.categoryId","valueType":1,"dataType":"VARCHAR","displayName":"Category","widget":"combo","alias":"Item","placeHolder":"categoryId","fieldType":"isReference","entConfig":{"name":"Item","id":"D61EBE28-6DF3-4878-AF82-43A81AB5B89B","type":"M","alias":"item","initParentAlias":"item"},"fieldConfig":{"fieldName":"categoryId","name":"categoryId","initParentAlias":"item","alias":"item.categoryId","displayName":"Category","fieldType":"java.lang.String","dataType":"VARCHAR","xtype":"combo","fieldSize":"256","isPKey":false}},"operator":"=","right":{"name":"categoryId","value":"category.categoryId","valueType":1,"dataType":"VARCHAR","displayName":"Category Id","widget":"textfield","alias":"Category","placeHolder":"categoryId","fieldType":"isReference","entConfig":{"name":"Category","id":"E7C637C2-9DA0-4DF8-B941-469E5CBD0CE9","type":"M","alias":"category","initParentAlias":"category"},"fieldConfig":{"fieldName":"categoryId","name":"categoryId","initParentAlias":"category","alias":"category.categoryId","displayName":"Category Id","fieldType":"java.lang.String","dataType":"VARCHAR","xtype":"textfield","fieldSize":"256","isPKey":true}}},{"relation":"AND"},{"_connIndex":"nm89bd4m-283a-46bm-b008-7cc7974n2a1n","_parentIndex":"isWhereRoot","left":{"name":"productId","value":"item.productId","valueType":1,"dataType":"VARCHAR","displayName":"Product","widget":"combo","alias":"Item","placeHolder":"productId","fieldType":"isReference","entConfig":{"name":"Item","id":"D61EBE28-6DF3-4878-AF82-43A81AB5B89B","type":"M","alias":"item","initParentAlias":"item"},"fieldConfig":{"fieldName":"productId","name":"productId","initParentAlias":"item","alias":"item.productId","displayName":"Product","fieldType":"java.lang.String","dataType":"VARCHAR","xtype":"combo","fieldSize":"256","isPKey":false}},"operator":"=","right":{"name":"productId","value":"brand.productId","valueType":1,"dataType":"VARCHAR","displayName":"Product","widget":"combo","alias":"Brand","placeHolder":"productId","fieldType":"isReference","entConfig":{"name":"Brand","id":"17A80903-1090-4C0F-ADEB-9F6D5B0C6B82","type":"M","alias":"brand","initParentAlias":"brand"},"fieldConfig":{"fieldName":"productId","name":"productId","initParentAlias":"brand","alias":"brand.productId","displayName":"Product","fieldType":"java.lang.String","dataType":"VARCHAR","xtype":"combo","fieldSize":"256","isPKey":false}}},{"relation":"AND"},{"_connIndex":"b84aa912-9a27-47a4-1757-d402ac133m46","_parentIndex":"isWhereRoot","left":{"name":"categoryId","value":"item.categoryId","valueType":1,"dataType":"VARCHAR","displayName":"Category","widget":"combo","alias":"Item","placeHolder":"categoryId","fieldType":"isReference","entConfig":{"name":"Item","id":"D61EBE28-6DF3-4878-AF82-43A81AB5B89B","type":"M","alias":"item","initParentAlias":"item"},"fieldConfig":{"fieldName":"categoryId","name":"categoryId","initParentAlias":"item","alias":"item.categoryId","displayName":"Category","fieldType":"java.lang.String","dataType":"VARCHAR","xtype":"combo","fieldSize":"256","isPKey":false}},"operator":"=","right":{"name":"categoryId","value":"brand.categoryId","valueType":1,"dataType":"VARCHAR","displayName":"Category","widget":"combo","alias":"Brand","placeHolder":"categoryId","fieldType":"isReference","entConfig":{"name":"Brand","id":"17A80903-1090-4C0F-ADEB-9F6D5B0C6B82","type":"M","alias":"brand","initParentAlias":"brand"},"fieldConfig":{"fieldName":"categoryId","name":"categoryId","initParentAlias":"brand","alias":"brand.categoryId","displayName":"Category","fieldType":"java.lang.String","dataType":"VARCHAR","xtype":"combo","fieldSize":"256","isPKey":false}}},{"relation":"AND"},{"_connIndex":"m30ba8dn-ma88-4c02-1b63-7d8nm0m713c7","_parentIndex":"isWhereRoot","left":{"name":"brandId","value":"item.brandId","valueType":1,"dataType":"VARCHAR","displayName":"Brand","widget":"combo","alias":"Item","placeHolder":"brandId","fieldType":"isReference","entConfig":{"name":"Item","id":"D61EBE28-6DF3-4878-AF82-43A81AB5B89B","type":"M","alias":"item","initParentAlias":"item"},"fieldConfig":{"fieldName":"brandId","name":"brandId","initParentAlias":"item","alias":"item.brandId","displayName":"Brand","fieldType":"java.lang.String","dataType":"VARCHAR","xtype":"combo","fieldSize":"256","isPKey":false}},"operator":"=","right":{"name":"brandId","value":"brand.brandId","valueType":1,"dataType":"VARCHAR","displayName":"Brand Id","widget":"textfield","alias":"Brand","placeHolder":"brandId","fieldType":"isReference","entConfig":{"name":"Brand","id":"17A80903-1090-4C0F-ADEB-9F6D5B0C6B82","type":"M","alias":"brand","initParentAlias":"brand"},"fieldConfig":{"fieldName":"brandId","name":"brandId","initParentAlias":"brand","alias":"brand.brandId","displayName":"Brand Id","fieldType":"java.lang.String","dataType":"VARCHAR","xtype":"textfield","fieldSize":"256","isPKey":true}}},{"relation":"AND"},{"_connIndex":"5m5364m5-434m-457c-1n3d-c39m3m8b487c","_parentIndex":"isWhereRoot","left":{"name":"itemStock","value":"item.itemStock","valueType":1,"dataType":"INT","displayName":"Stock","widget":"numberfield","alias":"Item","placeHolder":"itemStock","fieldType":"isReference","entConfig":{"name":"Item","id":"D61EBE28-6DF3-4878-AF82-43A81AB5B89B","type":"M","alias":"item","initParentAlias":"item"},"fieldConfig":{"fieldName":"itemStock","name":"itemStock","initParentAlias":"item","alias":"item.itemStock","displayName":"Stock","fieldType":"java.lang.Integer","dataType":"INT","xtype":"numberfield","fieldSize":"10","isPKey":false}},"operator":">","right":{"name":"","value":"0","valueType":3,"dataType":"","displayName":"","widget":"","alias":"","placeHolder":"","fieldType":"isStatic","entConfig":{},"fieldConfig":{}}}],"fields":[{"fieldName":"categoryName","name":"categoryName","initParentAlias":"category","alias":"category.categoryName","displayName":"Category","fieldType":"java.lang.String","dataType":"VARCHAR","xtype":"textfield","fieldSize":"256","isPKey":false},{"fieldName":"brandName","name":"brandName","initParentAlias":"brand","alias":"brand.brandName","displayName":"Brand","fieldType":"java.lang.String","dataType":"VARCHAR","xtype":"textfield","fieldSize":"256","isPKey":false},{"fieldName":"productName","name":"productName","initParentAlias":"product","alias":"product.productName","displayName":"Product","fieldType":"java.lang.String","dataType":"VARCHAR","xtype":"textfield","fieldSize":"256","isPKey":false},{"fieldName":"itemId","name":"itemId","initParentAlias":"item","alias":"item.itemId","displayName":"Item Id","fieldType":"java.lang.String","dataType":"VARCHAR","xtype":"textfield","fieldSize":"256","isPKey":true},{"fieldName":"itemName","name":"itemName","initParentAlias":"item","alias":"item.itemName","displayName":"Item","fieldType":"java.lang.String","dataType":"VARCHAR","xtype":"textfield","fieldSize":"256","isPKey":false},{"fieldName":"itemPrice","name":"itemPrice","initParentAlias":"item","alias":"item.itemPrice","displayName":"Price","fieldType":"java.lang.Double","dataType":"DOUBLE","xtype":"numberfield","fieldSize":"10,2","isPKey":false},{"fieldName":"itemIcon","name":"itemIcon","initParentAlias":"item","alias":"item.itemIcon","displayName":"Icon","fieldType":"java.lang.String","dataType":"TEXT","xtype":"fileupload","fieldSize":"","isPKey":false}],"inputParams":[],"joinCondition":[]}#appfire#FetchItemDetails#appfire#FETCHITEMDETAILS#appfire#6C5C7AE1-F0E5-41FB-952B-50F4E45504C7#appfire#Q4J5ZQEQ8YIBNQ1HMAU7W#appfire#1#appfire#0#appfire#2016-03-21 14:52:26.0#appfire#0#appfire#2016-03-21 14:52:26.0#appfire#0#appfire#1#appfire#\N#appfire#0#appfirenewline#F63092C2-5815-4D04-A63B-88C037A96D44#appfire#delete from SessionData e where e.systemInfo.activeStatus=1 and e.appSessionId=:appSessionId#appfire#1#appfire#\N#appfire#deleteAllSessionData#appfire#DELETEALLSESSIONDATA#appfire#\N#appfire#Q4J5ZQEQ8YIBNQ1HMAU7W#appfire#1#appfire#0#appfire#2016-03-21 14:52:26.0#appfire#0#appfire#2016-03-21 14:52:26.0#appfire#0#appfire#1#appfire#\N#appfire#0